ubicacion,TOTAL_PROCESOS,coordenadas
"ABEJORRAL, ANTIOQUIA",22,"Abejorral, Oriente, Antioquia, RAP del Agua y la Montaña, 055030, Colombia"
"ABREGO, NORTE DE SANTANDER",22,"Abrego, Occidente, Norte de Santander, RAP Gran Santander, Colombia"
"ABRIAQUÍ, ANTIOQUIA",1,"Abriaquí, Occidente, Antioquia, RAP del Agua y la Montaña, Colombia"
"ACACÍAS, META",367,"Acacías, Piedemonte, Meta, RAP (Especial) Central, 507001, Colombia"
"ACANDÍ, CHOCÓ",3,"Acandí, Darién, Chocó, RAP Pacífico, 278017, Colombia"
"ACEVEDO, HUILA",17,"Acevedo, Sur, Huila, RAP (Especial) Central, Colombia"
"ACHÍ, BOLÍVAR",10,"Achí, Mojana, Bolívar, RAP Caribe, Colombia"
"AGRADO, HUILA",12,"Agrado, Centro, Huila, RAP (Especial) Central, Colombia"
"AGUA DE DIOS, CUNDINAMARCA",56,"Agua de Dios, Alto Magdalena, Cundinamarca, RAP (Especial) Central, Colombia"
"AGUACHICA, CESAR",215,"Aguachica, Cesar, RAP Caribe, 205010, Colombia"
"AGUADA, SANTANDER",1,"Aguada, Vélez, Santander, RAP Gran Santander, Colombia"
"AGUADAS, CALDAS",15,"Aguadas, Norte, Caldas, RAP Eje Cafetero, Colombia"
"AGUAZUL, CASANARE",94,"Aguazul, Casanare, RAP Llanos, 856010, Colombia"
"AGUSTÍN CODAZZI, CESAR",88,"Agustín Codazzi, Cesar, RAP Caribe, 202050, Colombia"
"AIPE, HUILA",29,"Aipe, Norte, Huila, RAP (Especial) Central, Colombia"
"ALBANIA, CAQUETÁ",5,"Albania, Caquetá, RAP Amazonía, Colombia"
"ALBANIA, LA GUAJIRA",22,"Albania, La Guajira, RAP Caribe, Colombia"
"ALBANIA, SANTANDER",5,"Albania, Vélez, Santander, RAP Gran Santander, Colombia"
"ALBÁN, CUNDINAMARCA",11,"Albán, Gualivá, Cundinamarca, RAP (Especial) Central, Colombia"
"ALBÁN, NARIÑO",9,"Albán (San José), Río Mayo, Nariño, RAP Pacífico, Colombia"
"ALCALÁ, VALLE DEL CAUCA",17,"Alcalá, Norte, Valle del Cauca, RAP Pacífico, Colombia"
"ALDANA, NARIÑO",4,"Aldana, Exprovincia de Obando, Nariño, RAP Pacífico, Colombia"
"ALEJANDRÍA, ANTIOQUIA",3,"Alejandría, Oriente, Antioquia, RAP del Agua y la Montaña, Colombia"
"ALGARROBO, MAGDALENA",14,"Algarrobo, Magdalena, RAP Caribe, 422740, Colombia"
"ALGECIRAS, HUILA",33,"Algeciras, Norte, Huila, RAP (Especial) Central, 413040, Colombia"
"ALMAGUER, CAUCA",5,"Almaguer, Macizo, Cauca, RAP Pacífico, Colombia"
"ALPUJARRA, TOLIMA",5,"Alpujarra, Suroriente, Tolima, RAP (Especial) Central, Colombia"
"ALTAMIRA, HUILA",7,"Altamira, Centro, Huila, RAP (Especial) Central, Colombia"
"ALTO BAUDO, CHOCÓ",3,"Alto Baudó (Pie de Pató), Pacífico Sur, Chocó, RAP Pacífico, Colombia"
"ALTOS DEL ROSARIO, BOLÍVAR",1,"Altos del Rosario, Bolívar, RAP Caribe, Colombia"
"ALVARADO, TOLIMA",15,"Alvarado, Centro, Tolima, RAP (Especial) Central, Colombia"
"AMAGÁ, ANTIOQUIA",49,"Amagá, Suroeste, Antioquia, RAP del Agua y la Montaña, Colombia"
"AMALFI, ANTIOQUIA",19,"Amalfi, Nordeste, Antioquia, RAP del Agua y la Montaña, 052840, Colombia"
"AMBALEMA, TOLIMA",8,"Ambalema, Nevados, Tolima, RAP (Especial) Central, Colombia"
"ANAPOIMA, CUNDINAMARCA",79,"Anapoima, Tequendama, Cundinamarca, RAP (Especial) Central, Colombia"
"ANCUYÁ, NARIÑO",5,"Ancuya, Occidente, Nariño, RAP Pacífico, Colombia"
"ANDALUCÍA, VALLE DEL CAUCA",48,"Andalucía, Centro, Valle del Cauca, RAP Pacífico, Colombia"
"ANDES, ANTIOQUIA",45,"Andes, Suroeste, Antioquia, RAP del Agua y la Montaña, Colombia"
"ANGELÓPOLIS, ANTIOQUIA",9,"Angelópolis, Suroeste, Antioquia, RAP del Agua y la Montaña, Colombia"
"ANGOSTURA, ANTIOQUIA",6,"Angostura, Norte, Antioquia, RAP del Agua y la Montaña, Colombia"
"ANOLAIMA, CUNDINAMARCA",45,"Anolaima, Tequendama, Cundinamarca, RAP (Especial) Central, Colombia"
"ANORÍ, ANTIOQUIA",18,"Anorí, Nordeste, Antioquia, RAP del Agua y la Montaña, 052857, Colombia"
"ANSERMA, CALDAS",37,"Anserma, Bajo Occidente, Caldas, RAP del Agua y la Montaña, Colombia"
"ANSERMANUEVO, VALLE DEL CAUCA",11,"Ansermanuevo, Norte, Valle del Cauca, RAP Pacífico, Colombia"
"ANZA, ANTIOQUIA",4,"Anzá, Occidente, Antioquia, RAP del Agua y la Montaña, Colombia"
"ANZOÁTEGUI, TOLIMA",5,"Anzoátegui, Centro, Tolima, RAP (Especial) Central, Colombia"
"APARTADÓ, ANTIOQUIA",306,"Apartadó, Urabá, Antioquia, RAP del Agua y la Montaña, 057847, Colombia"
"APULO, CUNDINAMARCA",20,"Apulo, Tequendama, Cundinamarca, RAP (Especial) Central, Colombia"
"APÍA, RISARALDA",32,"Apía, Vertiente Occidental, Risaralda, RAP Eje Cafetero, Colombia"
"AQUITANIA, BOYACA",7,"Aquitania, Sugamuxi, Boyacá, RAP (Especial) Central, 152420, Colombia"
"ARACATACA, MAGDALENA",39,"Aracataca, Magdalena, RAP Caribe, 472001, Colombia"
"ARANZAZU, CALDAS",11,"Aranzazu, Norte, Caldas, RAP del Agua y la Montaña, Colombia"
"ARATOCA, SANTANDER",7,"Aratoca, Guanentá, Santander, RAP Gran Santander, 682051, Colombia"
"ARAUCA, ARAUCA",271,"Arauca, RAP Llanos, 810001, Colombia"
"ARAUQUITA, ARAUCA",27,"Arauquita, Arauca, RAP Llanos, Colombia"
"ARBELÁEZ, CUNDINAMARCA",44,"Arbeláez, Arbeláez ciudad, Sumapaz, Cundinamarca, RAP (Especial) Central, Colombia"
"ARBOLEDA, NARIÑO",2,"Arboleda (Berruecos), Juanambú, Nariño, RAP Pacífico, Colombia"
"ARBOLEDAS, NORTE DE SANTANDER",6,"Arboledas, Centro, Norte de Santander, RAP Gran Santander, Colombia"
"ARBOLETES, ANTIOQUIA",26,"Arboletes, Urabá, Antioquia, RAP del Agua y la Montaña, 057820, Colombia"
"ARCABUCO, BOYACA",15,"Arcabuco, Ricaurte, Boyacá, RAP (Especial) Central, Colombia"
"ARENAL, BOLÍVAR",4,"Arenal, Bolívar, RAP Caribe, Colombia"
"ARGELIA, ANTIOQUIA",9,"Argelia, Oriente, Antioquia, RAP del Agua y la Montaña, Colombia"
"ARGELIA, CAUCA",6,"Argelia, Sur del Cauca, Cauca, RAP Pacífico, Colombia"
"ARGELIA, VALLE DEL CAUCA",3,"Argelia, Norte, Valle del Cauca, RAP Pacífico, Colombia"
"ARIGUANÍ, MAGDALENA",27,"Ariguaní (El Difìcil), Magdalena, RAP Caribe, Colombia"
"ARJONA, BOLÍVAR",73,"Arjona, Dique, Bolívar, RAP Caribe, 131020, Colombia"
"ARMENIA, ANTIOQUIA",4,"Armenia, Occidente, Antioquia, RAP del Agua y la Montaña, 055860, Colombia"
"ARMENIA, QUINDÍO",1842,"Armenia, Capital, Quindío, RAP Eje Cafetero, Colombia"
"ARMERO, TOLIMA",20,"Armero, Venadillo, Nevados, Tolima, RAP (Especial) Central, Colombia"
"ARROYOHONDO, BOLÍVAR",2,"Arroyohondo, Dique, Bolívar, RAP Caribe, Colombia"
"ASTREA, CESAR",14,"Astrea, Cesar, RAP Caribe, Colombia"
"ATACO, TOLIMA",16,"Ataco, Sur, Tolima, RAP (Especial) Central, Colombia"
"ATRATO, CHOCÓ",12,"El Atrato, Atrato, Chocó, RAP Pacífico, Colombia"
"AYAPEL, CÓRDOBA",19,"Ayapel, San Jorge, Córdoba, RAP Caribe, Colombia"
"BAGADÓ, CHOCÓ",4,"Bagadó, Atrato, Chocó, RAP Pacífico, Colombia"
"BAHÍA SOLANO, CHOCÓ",25,"Bahía Solano (Mutis), Pacífico Norte, Chocó, RAP Pacífico, Colombia"
"BAJO BAUDÓ, CHOCÓ",8,"Bajo Baudó (Pizarro), Pacífico Sur, Chocó, RAP Pacífico, Colombia"
"BALBOA, CAUCA",8,"Balboa, Sur del Cauca, Cauca, RAP Pacífico, Colombia"
"BALBOA, RISARALDA",7,"Balboa, Vertiente Occidental, Risaralda, RAP Eje Cafetero, Colombia"
"BARANOA, ATLÁNTICO",83,"Baranoa, Atlántico, RAP Caribe, 082020, Colombia"
"BARAYA, HUILA",6,"Baraya, Norte, Huila, RAP (Especial) Central, Colombia"
"BARBACOAS, NARIÑO",5,"Barbacoas, Telembí, Nariño, RAP Pacífico, Colombia"
"BARBOSA, ANTIOQUIA",144,"Barbosa, Valle de Aburrá, Antioquia, RAP del Agua y la Montaña, Colombia"
"BARBOSA, SANTANDER",122,"Barbosa, Vélez, Santander, RAP Gran Santander, 684511, Colombia"
"BARICHARA, SANTANDER",14,"Barichara, Guanentá, Santander, RAP Gran Santander, Colombia"
"BARRANCA DE UPÍA, META",14,"Barranca de Upía, Piedemonte, Meta, RAP (Especial) Central, Colombia"
"BARRANCABERMEJA, SANTANDER",1057,"Barrancabermeja, Yariguíes, Santander, RAP Gran Santander, 687031, Colombia"
"BARRANCAS, LA GUAJIRA",28,"Barrancas, La Guajira, RAP Caribe, Colombia"
"BARRANCO DE LOBA, BOLÍVAR",3,"Barranco de Loba, Bolívar, RAP Caribe, Colombia"
"BARRANCO MINAS, GUAINÍA",1,"Aeropuerto Barrancominas, Barrancominas, Guainía, RAP Amazonía, Colombia"
"BARRANQUILLA, ATLÁNTICO",8094,"Barranquilla, Atlántico, RAP Caribe, Colombia"
"BECERRIL, CESAR",24,"Becerril, Cesar, RAP Caribe, Colombia"
"BELALCÁZAR, CALDAS",8,"Belalcázar, Bajo Occidente, Caldas, RAP del Agua y la Montaña, Colombia"
"BELLO, ANTIOQUIA",2883,"Bello, Valle de Aburrá, Antioquia, RAP del Agua y la Montaña, 051053, Colombia"
"BELMIRA, ANTIOQUIA",5,"Belmira, Norte, Antioquia, RAP del Agua y la Montaña, Colombia"
"BELTRÁN, CUNDINAMARCA",3,"Beltrán, Magdalena Centro, RAP (Especial) Central, Colombia"
"BELÉN DE LOS ANDAQUIES, CAQUETÁ",18,"Belén de los Andaquíes, Caquetá, RAP Amazonía, Colombia"
"BELÉN DE UMBRÍA, RISARALDA",117,"Belén de Umbría, Vertiente Occidental, Risaralda, RAP Eje Cafetero, Colombia"
"BELÉN, BOYACA",14,"Belén, Tundama, Boyacá, RAP (Especial) Central, 150640, Colombia"
"BELÉN, NARIÑO",1,"Belén, Río Mayo, Nariño, RAP Pacífico, Colombia"
"BERBEO, BOYACA",1,"Berbeo, Lengupá, Boyacá, RAP (Especial) Central, Colombia"
"BETANIA, ANTIOQUIA",16,"Betania, Suroeste, Antioquia, RAP del Agua y la Montaña, 056070, Colombia"
"BETULIA, ANTIOQUIA",8,"Betulia, Suroeste, Antioquia, RAP del Agua y la Montaña, Colombia"
"BETULIA, SANTANDER",3,"Betulia, Yariguíes, Santander, RAP Gran Santander, Colombia"
"BITUIMA, CUNDINAMARCA",3,"Bituima, Magdalena Centro, Cundinamarca, RAP (Especial) Central, Colombia"
"BOAVITA, BOYACA",5,"Boavita, Norte, Boyacá, RAP (Especial) Central, 151060, Colombia"
"BOCHALEMA, NORTE DE SANTANDER",22,"Bochalema, Suroriente, Norte de Santander, RAP Gran Santander, Colombia"
"BOGOTÁ, D.C., BOGOTÁ, D. C.",74948,
"BOJACÁ, CUNDINAMARCA",43,"Bojacá, Sabana Occidente, Cundinamarca, RAP (Especial) Central, Colombia"
"BOJAYA, CHOCÓ",2,"Bojayá (Bellavista), Atrato, Chocó, RAP Pacífico, Colombia"
"BOLÍVAR, CAUCA",21,"Bolívar, Sur del Cauca, Cauca, RAP Pacífico, 195007, Colombia"
"BOLÍVAR, SANTANDER",4,"Bolívar, Vélez, Santander, RAP Gran Santander, Colombia"
"BOLÍVAR, VALLE DEL CAUCA",27,"Bolívar, Norte, Valle del Cauca, RAP Pacífico, 761007, Colombia"
"BOSCONIA, CESAR",119,"Bosconia, Cesar, RAP Caribe, 201020, Colombia"
"BOYACÁ, BOYACA",14,"Boyacá, Márquez, Boyacá, RAP (Especial) Central, Colombia"
"BRICEÑO, ANTIOQUIA",8,"Briceño, Norte, Antioquia, RAP del Agua y la Montaña, Colombia"
"BRICEÑO, BOYACA",4,"Briceño, Occidente, Boyacá, RAP (Especial) Central, Colombia"
"BUCARAMANGA, SANTANDER",4049,"Bucaramanga, Metropolitana, Santander, RAP Gran Santander, Colombia"
"BUCARASICA, NORTE DE SANTANDER",1,"Bucarasica, Norte, Norte de Santander, RAP Gran Santander, Colombia"
"BUENAVENTURA, VALLE DEL CAUCA",675,"Buenaventura, Valle del Cauca, RAP Pacífico, Colombia"
"BUENAVISTA, BOYACA",5,"Buenavista, Occidente, Boyacá, RAP (Especial) Central, 155067, Colombia"
"BUENAVISTA, CÓRDOBA",12,"Buenavista, San Jorge, Córdoba, RAP Caribe, Colombia"
"BUENAVISTA, QUINDÍO",3,"Buenavista, Capital, Quindío, RAP Eje Cafetero, Colombia"
"BUENAVISTA, SUCRE",9,"Buenavista, Montes de María, Sucre, RAP Caribe, Colombia"
"BUENOS AIRES, CAUCA",6,"Buenos Aires, Norte, Cauca, RAP Pacífico, Colombia"
"BUESACO, NARIÑO",16,"Buesaco, Juanambú, Nariño, RAP Pacífico, Colombia"
"BUGALAGRANDE, VALLE DEL CAUCA",72,"Bugalagrande, Centro, Valle del Cauca, RAP Pacífico, Colombia"
"BURITICÁ, ANTIOQUIA",9,"Buriticá, Occidente, Antioquia, RAP del Agua y la Montaña, 057038, Colombia"
"BUSBANZÁ, BOYACA",1,"Busbanzá, Tundama, Boyacá, RAP (Especial) Central, Colombia"
"CABRERA, CUNDINAMARCA",8,"Cabrera, Sumapaz, Cundinamarca, RAP (Especial) Central, Colombia"
"CABRERA, SANTANDER",5,"Cabrera, Guanentá, Santander, RAP Gran Santander, Colombia"
"CABUYARO, META",12,"Cabuyaro, Rio Meta, Meta, RAP (Especial) Central, Colombia"
"CACHIPAY, CUNDINAMARCA",36,"Cachipay, Tequendama, RAP (Especial) Central, Colombia"
"CACHIRÁ, NORTE DE SANTANDER",4,"Cáchira, Occidente, Norte de Santander, RAP Gran Santander, Colombia"
"CAICEDO, ANTIOQUIA",7,"Caicedo, Suroeste, Antioquia, RAP del Agua y la Montaña, Colombia"
"CAICEDONIA, VALLE DEL CAUCA",38,"Caicedonia, Nororiente, Valle del Cauca, RAP Pacífico, Colombia"
"CAIMITO, SUCRE",5,"Caimito, San Jorge, Sucre, RAP Caribe, Colombia"
"CAJAMARCA, TOLIMA",26,"Cajamarca, Centro, Tolima, RAP (Especial) Central, Colombia"
"CAJIBÍO, CAUCA",19,"Cajibío, Centro, Cauca, RAP Pacífico, Colombia"
"CAJICÁ, CUNDINAMARCA",709,"Las Huertas de Cajicá Club Residencial, Cajicá, Sabana Centro, Cundinamarca, RAP (Especial) Central, Colombia"
"CALAMAR, BOLÍVAR",12,"Calamar, Dique, Bolívar, RAP Caribe, Colombia"
"CALAMAR, GUAVIARE",6,"Calamar, Guaviare, RAP Amazonía, Colombia"
"CALARCA, QUINDÍO",223,"Calarcá, Capital, Quindío, RAP Eje Cafetero, 632001, Colombia"
"CALDAS, ANTIOQUIA",409,"Caldas, Valle de Aburrá, Antioquia, RAP del Agua y la Montaña, 055440, Colombia"
"CALDONO, CAUCA",23,"Caldonó, Norte, Cauca, RAP Pacífico, Colombia"
"CALI, VALLE DEL CAUCA",14321,"Cali, Sur, Valle del Cauca, RAP Pacífico, Colombia"
"CALIFORNIA, SANTANDER",3,"California, Soto Norte, Santander, RAP Gran Santander, Colombia"
"CALIMA, VALLE DEL CAUCA",39,"Calima, Centro, Valle del Cauca, RAP Pacífico, Colombia"
"CALOTO, CAUCA",68,"Caloto, Norte, Cauca, RAP Pacífico, Colombia"
"CAMPAMENTO, ANTIOQUIA",5,"Campamento, Norte, Antioquia, RAP del Agua y la Montaña, Colombia"
"CAMPO DE LA CRUZ, ATLÁNTICO",10,"Campo de la Cruz, Atlántico, RAP Caribe, Colombia"
"CAMPOALEGRE, HUILA",51,"Campoalegre, Norte, Huila, RAP (Especial) Central, Colombia"
"CAMPOHERMOSO, BOYACA",6,"Campohermoso, Lengupá, Boyacá, RAP (Especial) Central, Colombia"
"CANALETE, CÓRDOBA",5,"Canalete, Costanera, Córdoba, RAP Caribe, Colombia"
"CANDELARIA, ATLÁNTICO",10,"Candelaria, Atlántico, RAP Caribe, Colombia"
"CANDELARIA, VALLE DEL CAUCA",288,"Candelaria, Sur, Valle del Cauca, RAP Pacífico, 763577, Colombia"
"CANTAGALLO, BOLÍVAR",8,"Cantagallo, Bolívar, RAP Caribe, Colombia"
"CAPARRAPÍ, CUNDINAMARCA",11,"Caparrapí, Bajo Magdalena, Cundinamarca, RAP (Especial) Central, Colombia"
"CAPITANEJO, SANTANDER",9,"Capitanejo, García Rovira, Santander, RAP Gran Santander, Colombia"
"CAQUEZA, CUNDINAMARCA",68,"Cáqueza, Oriente, Cundinamarca, RAP (Especial) Central, Colombia"
"CARACOLÍ, ANTIOQUIA",4,"Caracolí, Magdalena Medio, Antioquia, RAP del Agua y la Montaña, Colombia"
"CARAMANTA, ANTIOQUIA",4,"Caramanta, Suroeste, Antioquia, RAP del Agua y la Montaña, Colombia"
"CARCASÍ, SANTANDER",2,"Carcasí, García Rovira, Santander, RAP Gran Santander, Colombia"
"CAREPA, ANTIOQUIA",94,"Carepa, Urabá, Antioquia, RAP del Agua y la Montaña, Colombia"
"CARMEN DE APICALÁ, TOLIMA",36,"Carmen de Apicalá, Carmen de Apicala, Oriente, Tolima, RAP Eje Cafetero, Colombia"
"CARMEN DE CARUPA, CUNDINAMARCA",3,"Carmen de Carupa, Ubaté, RAP (Especial) Central, Colombia"
"CARMEN DEL DARIEN, CHOCÓ",2,"Carmen del Darién (Curbaradó), Darién, Chocó, RAP Pacífico, Colombia"
"CAROLINA, ANTIOQUIA",7,"Carolina, Yarumal, Norte, Antioquia, RAP del Agua y la Montaña, Colombia"
"CARTAGENA DEL CHAIRÁ, CAQUETÁ",26,"Cartagena del Chairá, Caquetá, RAP Amazonía, Colombia"
"CARTAGENA, BOLÍVAR",4723,"Cartagena de Indias, Dique, Bolívar, RAP Caribe, Colombia"
"CARTAGO, VALLE DEL CAUCA",418,"Cartago, Norte, Valle del Cauca, RAP Pacífico, Colombia"
"CARURU, VAUPÉS",3,"Caruru, Mitú, Vaupés, RAP Amazonía, Colombia"
"CASABIANCA, TOLIMA",12,"Casabianca, Nevados, Tolima, RAP (Especial) Central, Colombia"
"CASTILLA LA NUEVA, META",39,"Castilla La Nueva, Piedemonte, Meta, RAP (Especial) Central, Colombia"
"CAUCASIA, ANTIOQUIA",242,"Caucasia, Bajo Cauca, Antioquia, RAP del Agua y la Montaña, 052410, Colombia"
"CAÑASGORDAS, ANTIOQUIA",17,"Cañasgordas, Occidente, Antioquia, RAP del Agua y la Montaña, 057060, Colombia"
"CEPITÁ, SANTANDER",1,"Cepitá, Guanentá, Santander, RAP Gran Santander, Colombia"
"CERETÉ, CÓRDOBA",183,"Cereté, Medio Sinú, Córdoba, RAP Caribe, Colombia"
"CERINZA, BOYACA",5,"Cerinza, Tundama, Boyacá, RAP (Especial) Central, Colombia"
"CERRITO, SANTANDER",4,"Cerrito, García Rovira, Santander, RAP Gran Santander, Colombia"
"CERRO SAN ANTONIO, MAGDALENA",6,"Río Magdalena, Suan, Atlántico, RAP Caribe, Colombia"
"CHACHAGÜÍ, NARIÑO",29,"Chachagüí, Centro, Nariño, RAP Pacífico, Colombia"
"CHAGUANÍ, CUNDINAMARCA",8,"Chaguaní, Magdalena Centro, Cundinamarca, RAP (Especial) Central, Colombia"
"CHALÁN, SUCRE",7,"Chalán, Montes de María, Sucre, RAP Caribe, Colombia"
"CHAMEZA, CASANARE",5,"Chámeza, Casanare, RAP Llanos, Colombia"
"CHAPARRAL, TOLIMA",90,"Chaparral, Sur, Tolima, RAP (Especial) Central, 735560, Colombia"
"CHARALÁ, SANTANDER",24,"Charalá, Guanentá, Santander, RAP Gran Santander, Colombia"
"CHARTA, SANTANDER",2,"Charta, Soto Norte, Santander, RAP Gran Santander, 680551, Colombia"
"CHIBOLO, MAGDALENA",13,"Chibolo, Magdalena, RAP Caribe, Colombia"
"CHIGORODÓ, ANTIOQUIA",73,"Chigorodó, Urabá, Antioquia, RAP del Agua y la Montaña, Colombia"
"CHIMA, SANTANDER",4,"Chima, Comunera, Santander, RAP Gran Santander, Colombia"
"CHIMICHAGUA, CESAR",9,"Chimichagua, Cesar, RAP Caribe, Colombia"
"CHIMÁ, CÓRDOBA",7,"Chimá, Bajo Sínú, Córdoba, RAP Caribe, Colombia"
"CHINAVITA, BOYACA",3,"Chinavita, Neira, Boyacá, RAP (Especial) Central, Colombia"
"CHINCHINÁ, CALDAS",98,"Chinchiná, Centrosur, Caldas, RAP del Agua y la Montaña, 176020, Colombia"
"CHINÁCOTA, NORTE DE SANTANDER",41,"Chinácota, Suroriente, Norte de Santander, RAP Gran Santander, Colombia"
"CHINÚ, CÓRDOBA",53,"Chinú, Sabanas, Córdoba, RAP Caribe, Colombia"
"CHIPAQUE, CUNDINAMARCA",38,"Chipaque, Oriente, Cundinamarca, RAP (Especial) Central, Colombia"
"CHIPATÁ, SANTANDER",4,"Chipatá, Vélez, Santander, RAP Gran Santander, Colombia"
"CHIQUINQUIRÁ, BOYACA",193,"Chiquinquirá, Occidente, Boyacá, RAP (Especial) Central, Colombia"
"CHIRIGUANÁ, CESAR",46,"Chiriguaná, Cesar, RAP Caribe, Colombia"
"CHISCAS, BOYACA",8,"Chiscas, Gutiérrez, Boyacá, RAP (Especial) Central, Colombia"
"CHITA, BOYACA",6,"Chita, Valderrama, Boyacá, RAP (Especial) Central, Colombia"
"CHITAGÁ, NORTE DE SANTANDER",10,"Chitagá, Suroccidente, Norte de Santander, RAP Gran Santander, Colombia"
"CHITARAQUE, BOYACA",9,"Chitaraque, Ricaurte, Boyacá, RAP (Especial) Central, Colombia"
"CHIVATÁ, BOYACA",6,"Chivatá, Centro, Boyacá, RAP (Especial) Central, Colombia"
"CHIVOR, BOYACA",4,"Chivor, Oriente, Boyacá, RAP (Especial) Central, Colombia"
"CHOACHÍ, CUNDINAMARCA",42,"Choachí, Oriente, Cundinamarca, RAP (Especial) Central, 251620, Colombia"
"CHOCONTÁ, CUNDINAMARCA",41,"Chocontá, Almeidas, Cundinamarca, RAP (Especial) Central, Colombia"
"CHÍA, CUNDINAMARCA",1352,"Chía, Sabana Centro, Cundinamarca, RAP (Especial) Central, Colombia"
"CHÍQUIZA, BOYACA",4,"Chíquiza, Centro, Boyacá, RAP (Especial) Central, Colombia"
"CICUCO, BOLÍVAR",6,"Cicuco, Isla de Mompós, Bolívar, RAP Caribe, Colombia"
"CIMITARRA, SANTANDER",37,"Cimitarra, Santander, RAP Gran Santander, Colombia"
"CIRCASIA, QUINDÍO",37,"Circasia, Norte, Quindío, RAP Eje Cafetero, 631001, Colombia"
"CISNEROS, ANTIOQUIA",26,"Cisneros, Nordeste, Antioquia, RAP del Agua y la Montaña, Colombia"
"CIUDAD BOLÍVAR, ANTIOQUIA",26,"Ciudad Bolívar, Suroeste, Antioquia, RAP del Agua y la Montaña, 056460, Colombia"
"CIÉNAGA DE ORO, CÓRDOBA",60,"Ciénaga de Oro, Medio Sinú, Córdoba, RAP Caribe, 130004, Colombia"
"CIÉNAGA, MAGDALENA",189,"Ciénaga, Magdalena, RAP Caribe, Colombia"
"CIÉNEGA, BOYACA",2,"Ciénega, Márquez, Boyacá, RAP (Especial) Central, Colombia"
"CLEMENCIA, BOLÍVAR",5,"Clemencia, Dique, Bolívar, RAP Caribe, Colombia"
"COCORNÁ, ANTIOQUIA",22,"Cocorná, Oriente, Antioquia, RAP del Agua y la Montaña, 054440, Colombia"
"COELLO, TOLIMA",10,"Coello, Centro, Tolima, RAP (Especial) Central, Colombia"
"COGUA, CUNDINAMARCA",64,"Cogua, Sabana Centro, RAP (Especial) Central, Colombia"
"COLOMBIA, HUILA",5,"Huila, RAP (Especial) Central, Colombia"
"COLOSO, SUCRE",4,"Colosó, Montes de María, Sucre, RAP Caribe, Colombia"
"COLÓN, NARIÑO",5,"Colón (Génova), Río Mayo, Nariño, RAP Pacífico, Colombia"
"COLÓN, PUTUMAYO",8,"Colón, Putumayo, RAP Amazonía, Colombia"
"CONCEPCIÓN, ANTIOQUIA",6,"Concepción, Oriente, Antioquia, RAP del Agua y la Montaña, Colombia"
"CONCEPCIÓN, SANTANDER",2,"Concepción, García Rovira, Santander, RAP Gran Santander, Colombia"
"CONCORDIA, ANTIOQUIA",7,"Concordia, Suroeste, Antioquia, RAP del Agua y la Montaña, Colombia"
"CONCORDIA, MAGDALENA",1,"Concordia, Magdalena, RAP Caribe, 476030, Colombia"
"CONDOTO, CHOCÓ",16,"Condoto, San Juan, Chocó, RAP Pacífico, Colombia"
"CONFINES, SANTANDER",3,"Confines, Comunera, Santander, RAP Gran Santander, Colombia"
"CONSACA, NARIÑO",10,"Consacá, Occidente, Nariño, RAP Pacífico, Colombia"
"CONTADERO, NARIÑO",7,"Contadero, Exprovincia de Obando, Nariño, RAP Pacífico, 523087, Colombia"
"CONTRATACIÓN, SANTANDER",7,"contratación, Comunera, Santander, RAP Gran Santander, 683071, Colombia"
"CONVENCIÓN, NORTE DE SANTANDER",14,"Convención, Occidente, Norte de Santander, RAP Gran Santander, Colombia"
"COPACABANA, ANTIOQUIA",467,"Copacabana, Valle de Aburrá, Antioquia, RAP del Agua y la Montaña, Colombia"
"COPER, BOYACA",5,"Coper, Occidente, Boyacá, RAP (Especial) Central, Colombia"
"CORINTO, CAUCA",31,"Corinto, Norte, Cauca, RAP Pacífico, Colombia"
"COROMORO, SANTANDER",4,"Coromoro, Guanentá, Santander, RAP Gran Santander, Colombia"
"COROZAL, SUCRE",160,"Corozal, Sabanas, Sucre, RAP Caribe, Colombia"
"CORRALES, BOYACA",1,"Corrales, Tundama, Boyacá, RAP (Especial) Central, Colombia"
"COTA, CUNDINAMARCA",308,"Cota, Sabana Occidente, Cundinamarca, RAP (Especial) Central, Colombia"
"COTORRA, CÓRDOBA",22,"Cotorra, Bajo Sínú, Córdoba, RAP Caribe, 230507, Colombia"
"COVARACHÍA, BOYACA",3,"Covarachía, Norte, Boyacá, RAP (Especial) Central, 151040, Colombia"
"COVEÑAS, SUCRE",75,"Coveñas, Morrosquillo, Sucre, RAP Caribe, Colombia"
"COYAIMA, TOLIMA",7,"Coyaima, Sur, Tolima, RAP (Especial) Central, Colombia"
"CRAVO NORTE, ARAUCA",5,"Cravo Norte, Arauca, RAP Llanos, Colombia"
"CUASPUD, NARIÑO",4,"Cuaspud, Exprovincia de Obando, Nariño, RAP Pacífico, Colombia"
"CUBARRAL, META",18,"Cubarral, Piedemonte, Meta, RAP (Especial) Central, Colombia"
"CUBARÁ, BOYACA",1,"Cubará, Gutiérrez, Boyacá, RAP (Especial) Central, Colombia"
"CUCUNUBÁ, CUNDINAMARCA",6,"Cucunubá, Ubaté, Cundinamarca, RAP (Especial) Central, 250450, Colombia"
"CUCUTILLA, NORTE DE SANTANDER",19,"Cucutilla, Centro, Norte de Santander, RAP Gran Santander, Colombia"
"CUMARAL, META",67,"Cumaral, Piedemonte, Meta, RAP (Especial) Central, 501021, Colombia"
"CUMARIBO, VICHADA",5,"Cumaribo, Vichada, RAP Llanos, Colombia"
"CUMBAL, NARIÑO",26,"Cumbal, Exprovincia de Obando, Nariño, RAP Pacífico, Colombia"
"CUMBITARA, NARIÑO",4,"Cumbitara, La Cordillera, Nariño, RAP Pacífico, Colombia"
"CUNDAY, TOLIMA",8,"Cunday, Oriente, Tolima, RAP Eje Cafetero, Colombia"
"CURILLO, CAQUETÁ",6,"Curillo, Caquetá, RAP Amazonía, Colombia"
"CURITÍ, SANTANDER",20,"Curití, Guanentá, Santander, RAP Gran Santander, Colombia"
"CURUMANÍ, CESAR",37,"Curumaní, Cesar, RAP Caribe, Colombia"
"CÁCERES, ANTIOQUIA",12,"Cáceres, Bajo Cauca, Antioquia, RAP del Agua y la Montaña, Colombia"
"CÁCOTA, NORTE DE SANTANDER",9,"Cácota, Suroccidente, Norte de Santander, RAP Gran Santander, Colombia"
"CÉRTEGUI, CHOCÓ",2,"Cértegui, San Juan, Chocó, RAP Pacífico, Colombia"
"CÓMBITA, BOYACA",10,"Cómbita, Centro, Boyacá, RAP (Especial) Central, 150201, Colombia"
"CÓRDOBA, BOLÍVAR",8,"Córdoba, Montes de María, Bolívar, RAP Caribe, Colombia"
"CÓRDOBA, NARIÑO",7,"Córdoba, Exprovincia de Obando, Nariño, RAP Pacífico, Colombia"
"CÓRDOBA, QUINDÍO",10,"Córdoba, Cordillerana, Quindío, RAP Eje Cafetero, 632020, Colombia"
"CÚCUTA, NORTE DE SANTANDER",3557,"Cúcuta, Oriental, Norte de Santander, RAP Gran Santander, Colombia"
"DABEIBA, ANTIOQUIA",26,"Dabeiba, Occidente, Antioquia, RAP del Agua y la Montaña, Colombia"
"DAGUA, VALLE DEL CAUCA",52,"Dagua, Sur, Valle del Cauca, RAP Pacífico, Colombia"
"DIBULLA, LA GUAJIRA",27,"Dibulla, La Guajira, RAP Caribe, 446009, Colombia"
"DISTRACCIÓN, LA GUAJIRA",8,"Distracción, La Guajira, RAP Caribe, Colombia"
"DOLORES, TOLIMA",11,"Dolores, Suroriente, Tolima, RAP (Especial) Central, Colombia"
"DON MATÍAS, ANTIOQUIA",50,"Conexión Girardota Don Matías, Barbosa, Valle de Aburrá, Antioquia, RAP del Agua y la Montaña, 051037, Colombia"
"DOSQUEBRADAS, RISARALDA",1053,"Dosquebradas, Risaralda, RAP Eje Cafetero, Colombia"
"DUITAMA, BOYACA",710,"Duitama, Tundama, Boyacá, RAP (Especial) Central, Colombia"
"DURANIA, NORTE DE SANTANDER",8,"Duranía, Suroriente, Norte de Santander, RAP Gran Santander, 544510, Colombia"
"EBÉJICO, ANTIOQUIA",7,"Ebéjico, Occidente, Antioquia, RAP del Agua y la Montaña, Colombia"
"EL BAGRE, ANTIOQUIA",36,"El Bagre, Bajo Cauca, Antioquia, RAP del Agua y la Montaña, Colombia"
"EL BANCO, MAGDALENA",70,"El Banco, Magdalena, RAP Caribe, Colombia"
"EL CAIRO, VALLE DEL CAUCA",4,"El Cairo, Norte, Valle del Cauca, RAP Pacífico, Colombia"
"EL CALVARIO, META",5,"El Calvario, Piedemonte, Meta, RAP (Especial) Central, Colombia"
"EL CANTÓN DEL SAN PABLO, CHOCÓ",4,
"EL CARMEN DE ATRATO, CHOCÓ",15,"El Carmen de Atrato, Atrato, Chocó, RAP Pacífico, Colombia"
"EL CARMEN DE BOLÍVAR, BOLÍVAR",79,"El Carmen de Bolívar, Montes de María, Bolívar, RAP Caribe, Colombia"
"EL CARMEN DE CHUCURÍ, SANTANDER",15,"El Carmen de Chucurí, Yariguíes, Santander, RAP Gran Santander, Colombia"
"EL CARMEN DE VIBORAL, ANTIOQUIA",133,"El Carmen de Viboral, Oriente, Antioquia, RAP del Agua y la Montaña, 054030, Colombia"
"EL CARMEN, NORTE DE SANTANDER",4,"El Carmen, Occidente, Norte de Santander, RAP Gran Santander, Colombia"
"EL CASTILLO, META",5,"El Castillo, Ariari, Meta, RAP (Especial) Central, Colombia"
"EL CERRITO, VALLE DEL CAUCA",198,"El Cerrito, Sur, Valle del Cauca, RAP Pacífico, Colombia"
"EL CHARCO, NARIÑO",5,"El Charco, Sanquianga, Nariño, RAP Pacífico, Colombia"
"EL COCUY, BOYACA",5,"El Cocuy, Gutiérrez, Boyacá, RAP (Especial) Central, 151280, Colombia"
"EL COLEGIO, CUNDINAMARCA",59,"El Colegio, Tequendama, Cundinamarca, RAP (Especial) Central, 252630, Colombia"
"EL COPEY, CESAR",27,"El Copey, Cesar, RAP Caribe, Colombia"
"EL DONCELLO, CAQUETÁ",41,"El Doncello, Caquetá, RAP Amazonía, Colombia"
"EL DORADO, META",4,"El Dorado, Ariari, Meta, RAP (Especial) Central, Colombia"
"EL DOVIO, VALLE DEL CAUCA",9,"El Dovio, Norte, Valle del Cauca, RAP Pacífico, Colombia"
"EL ENCANTO, AMAZONAS",1,"El Encanto, Amazonas, RAP Amazonía, Colombia"
"EL ESPINO, BOYACA",4,"El Espino, Gutiérrez, Boyacá, RAP (Especial) Central, Colombia"
"EL GUACAMAYO, SANTANDER",4,"El Guacamayo, Comunera, Santander, RAP Gran Santander, Colombia"
"EL GUAMO, BOLÍVAR",4,"El Guamo, Montes de María, Bolívar, RAP Caribe, Colombia"
"EL LITORAL DEL SAN JUAN, CHOCÓ",3,"El Litoral del San Juan, Pacífico Sur, Chocó, RAP Pacífico, Colombia"
"EL MOLINO, LA GUAJIRA",7,"El Molino, La Guajira, RAP Caribe, Colombia"
"EL PASO, CESAR",44,"El Paso, Cesar, RAP Caribe, Colombia"
"EL PAUJIL, CAQUETÁ",7,"El Paujil, Caquetá, RAP Amazonía, Colombia"
"EL PEÑOL, NARIÑO",5,"El Peñol, Guambuyaco, Nariño, RAP Pacífico, Colombia"
"EL PEÑÓN, BOLÍVAR",3,"El Peñón, Bolívar, RAP Caribe, Colombia"
"EL PEÑÓN, CUNDINAMARCA",2,"El Peñón, Sibaté, Soacha, Cundinamarca, RAP (Especial) Central, Colombia"
"EL PEÑÓN, SANTANDER",1,"El Peñón, Vélez, Santander, RAP Gran Santander, Colombia"
"EL PIÑON, MAGDALENA",15,"El Piñón, Magdalena, RAP Caribe, Colombia"
"EL PLAYÓN, SANTANDER",11,"El Playón, Metropolitana, Santander, RAP Gran Santander, Colombia"
"EL RETORNO, GUAVIARE",5,"El Retorno, Guaviare, RAP Amazonía, 951001, Colombia"
"EL RETÉN, MAGDALENA",12,"El Retén, Magdalena, RAP Caribe, Colombia"
"EL ROBLE, SUCRE",11,"El Roble, Montes de María, Sucre, RAP Caribe, Colombia"
"EL ROSAL, CUNDINAMARCA",84,"El Rosal, Soacha Central, Soacha ciudad, Soacha, Cundinamarca, RAP (Especial) Central, 250051, Colombia"
"EL ROSARIO, NARIÑO",6,"El Rosario, La Cordillera, Nariño, RAP Pacífico, Colombia"
"EL SANTUARIO, ANTIOQUIA",60,"El Santuario, Oriente, Antioquia, RAP del Agua y la Montaña, 054450, Colombia"
"EL TABLÓN DE GÓMEZ, NARIÑO",9,"El Tablón de Gómez, San Pablo, Río Mayo, Nariño, RAP Pacífico, Colombia"
"EL TAMBO, CAUCA",32,"El Tambo, Centro, Cauca, RAP Pacífico, Colombia"
"EL TAMBO, NARIÑO",18,"El Tambo, Guambuyaco, Nariño, RAP Pacífico, Colombia"
"EL TARRA, NORTE DE SANTANDER",5,"El Tarra, Norte, Norte de Santander, RAP Gran Santander, Colombia"
"EL ZULIA, NORTE DE SANTANDER",51,"El Zulia, Oriental, Norte de Santander, RAP Gran Santander, Colombia"
"EL ÁGUILA, VALLE DEL CAUCA",9,"El Águila, Norte, Valle del Cauca, RAP Pacífico, Colombia"
"ELÍAS, HUILA",10,"Elías, Sur, Huila, RAP (Especial) Central, Colombia"
"ENCINO, SANTANDER",1,"Encino, Guanentá, Santander, RAP Gran Santander, Colombia"
"ENCISO, SANTANDER",2,"Enciso, García Rovira, Santander, RAP Gran Santander, Colombia"
"ENTRERRIOS, ANTIOQUIA",17,"Entrerríos, Norte, Antioquia, RAP del Agua y la Montaña, Colombia"
"ENVIGADO, ANTIOQUIA",2195,"Envigado, Valle de Aburrá, Antioquia, RAP del Agua y la Montaña, Colombia"
"ESPINAL, TOLIMA",311,"Espinal, Centro, Tolima, RAP (Especial) Central, Colombia"
"FACATATIVÁ, CUNDINAMARCA",810,"Facatativá, Sabana Occidente, Cundinamarca, RAP (Especial) Central, Colombia"
"FALAN, TOLIMA",10,"Falan, Norte, Tolima, RAP (Especial) Central, Colombia"
"FILADELFIA, CALDAS",6,"Filadelfia, Alto Occidente, Caldas, RAP del Agua y la Montaña, Colombia"
"FILANDIA, QUINDÍO",23,"Filandia, Fría, Quindío, RAP Eje Cafetero, 634001, Colombia"
"FIRAVITOBA, BOYACA",6,"Firavitoba, Sugamuxi, Boyacá, RAP (Especial) Central, Colombia"
"FLANDES, TOLIMA",77,"Flandes, Centro, Tolima, RAP (Especial) Central, Colombia"
"FLORENCIA, CAQUETÁ",1221,"Perímetro Urbano Florencia, Florencia, Caquetá, RAP Amazonía, 180002, Colombia"
"FLORENCIA, CAUCA",3,"Florencia, Sur del Cauca, Cauca, RAP Pacífico, Colombia"
"FLORESTA, BOYACA",5,"Floresta, Tundama, Boyacá, RAP (Especial) Central, 150601, Colombia"
"FLORIDA, VALLE DEL CAUCA",127,"Florida, Sur, Valle del Cauca, RAP Pacífico, Colombia"
"FLORIDABLANCA, SANTANDER",1460,"Floridablanca, Metropolitana, Santander, RAP Gran Santander, Colombia"
"FLORIÁN, SANTANDER",9,"Florián, Vélez, Santander, RAP Gran Santander, 684541, Colombia"
"FOMEQUE, CUNDINAMARCA",37,"Fómeque, Oriente, Cundinamarca, RAP (Especial) Central, 251640, Colombia"
"FONSECA, LA GUAJIRA",56,"Fonseca, La Guajira, RAP Caribe, Colombia"
"FORTUL, ARAUCA",20,"Fortul, Arauca, RAP Llanos, Colombia"
"FOSCA, CUNDINAMARCA",15,"Fosca, Oriente, RAP (Especial) Central, Colombia"
"FRANCISCO PIZARRO, NARIÑO",1,"Francisco Pizarro (Salahonda), Pacífico Sur, Nariño, RAP Pacífico, Colombia"
"FREDONIA, ANTIOQUIA",18,"Fredonia, Suroeste, Antioquia, RAP del Agua y la Montaña, Colombia"
"FRESNO, TOLIMA",51,"Fresno, Norte, Tolima, RAP (Especial) Central, Colombia"
"FRONTINO, ANTIOQUIA",18,"Frontino, Occidente, Antioquia, RAP del Agua y la Montaña, Colombia"
"FUENTE DE ORO, META",11,"Fuente de Oro, Ariari, Meta, RAP (Especial) Central, Colombia"
"FUNDACIÓN, MAGDALENA",112,"Fundación, Magdalena, RAP Caribe, Colombia"
"FUNES, NARIÑO",5,"Funes, Exprovincia de Obando, Nariño, RAP Pacífico, Colombia"
"FUNZA, CUNDINAMARCA",753,"Funza, Sabana Occidente, Cundinamarca, RAP (Especial) Central, Colombia"
"FUSAGASUGÁ, CUNDINAMARCA",1103,"Fusagasugá, Sumapaz, Cundinamarca, RAP (Especial) Central, Colombia"
"FÚQUENE, CUNDINAMARCA",9,"Fúquene, Ubaté, Cundinamarca, RAP (Especial) Central, Colombia"
"GACHALA, CUNDINAMARCA",3,"Gachalá, Guavio, RAP (Especial) Central, Colombia"
"GACHANCIPÁ, CUNDINAMARCA",34,"Gachancipá, Sabana Centro, RAP (Especial) Central, Colombia"
"GACHANTIVÁ, BOYACA",2,"Gachantivá, Ricaurte, Boyacá, RAP (Especial) Central, Colombia"
"GACHETÁ, CUNDINAMARCA",20,"Río Gachetá, Gachetá, Guavio, Cundinamarca, RAP (Especial) Central, Colombia"
"GALAPA, ATLÁNTICO",114,"Galapa, Atlántico, RAP Caribe, Colombia"
"GALERAS, SUCRE",17,"Galeras, Montes de María, Sucre, RAP Caribe, Colombia"
"GALÁN, SANTANDER",1,"Galán, Comunera, Santander, RAP Gran Santander, Colombia"
"GAMA, CUNDINAMARCA",2,"Gama, Guavio, RAP (Especial) Central, Colombia"
"GAMARRA, CESAR",4,"Gamarra, Cesar, RAP Caribe, Colombia"
"GAMBITA, SANTANDER",6,"Gámbita, Comunera, Santander, RAP Gran Santander, Colombia"
"GAMEZA, BOYACA",4,"Gámeza, Sugamuxi, Boyacá, RAP (Especial) Central, 152020, Colombia"
"GARAGOA, BOYACA",49,"Garagoa, Neira, Boyacá, RAP (Especial) Central, 152860, Colombia"
"GARZÓN, HUILA",236,"Garzón, Centro, Huila, RAP (Especial) Central, 414020, Colombia"
"GIGANTE, HUILA",44,"Gigante, Centro, Huila, RAP (Especial) Central, Colombia"
"GINEBRA, VALLE DEL CAUCA",60,"Ginebra, Sur, Valle del Cauca, RAP Pacífico, Colombia"
"GIRALDO, ANTIOQUIA",9,"Giraldo, Occidente, Antioquia, RAP del Agua y la Montaña, Colombia"
"GIRARDOT, CUNDINAMARCA",799,"Girardot, Alto Magdalena, Cundinamarca, RAP (Especial) Central, Colombia"
"GIRARDOTA, ANTIOQUIA",250,"Girardota, Valle de Aburrá, Antioquia, RAP del Agua y la Montaña, 051037, Colombia"
"GIRÓN, SANTANDER",543,"Girón, Metropolitana, Santander, RAP Gran Santander, Colombia"
"GONZÁLEZ, CESAR",3,"González, Cesar, RAP Caribe, Colombia"
"GRAMALOTE, NORTE DE SANTANDER",12,"Gramalote, Centro, Norte de Santander, RAP Gran Santander, Colombia"
"GRANADA, ANTIOQUIA",13,"Granada, Oriente, Antioquia, RAP del Agua y la Montaña, 051040, Colombia"
"GRANADA, CUNDINAMARCA",15,"Granada, Sumapaz, Cundinamarca, RAP (Especial) Central, Colombia"
"GRANADA, META",255,"Granada, Ariari, Meta, RAP (Especial) Central, 504001, Colombia"
"GUACA, SANTANDER",5,"Guaca, García Rovira, Santander, RAP Gran Santander, Colombia"
"GUACARÍ, VALLE DEL CAUCA",102,"Guacarí, Centro, Valle del Cauca, RAP Pacífico, Colombia"
"GUACHENE, CAUCA",21,"Guachené, Norte, Cauca, RAP Pacífico, Colombia"
"GUACHETÁ, CUNDINAMARCA",16,"Estación Guachetá - La Isla, Ferrocarril del Norte, Guachetá, Ubaté, Cundinamarca, RAP (Especial) Central, Colombia"
"GUACHUCAL, NARIÑO",20,"Guachucal, Exprovincia de Obando, Nariño, RAP Pacífico, Colombia"
"GUADALAJARA DE BUGA, VALLE DEL CAUCA",663,"Buga, Centro, Valle del Cauca, RAP Pacífico, Colombia"
"GUADALUPE, ANTIOQUIA",7,"Guadalupe, Norte, Antioquia, RAP del Agua y la Montaña, Colombia"
"GUADALUPE, HUILA",16,"Guadalupe, Centro, Huila, RAP (Especial) Central, Colombia"
"GUADALUPE, SANTANDER",9,"Guadalupe, Comunera, Santander, RAP Gran Santander, Colombia"
"GUADUAS, CUNDINAMARCA",86,"Guaduas, Bajo Magdalena, Cundinamarca, RAP (Especial) Central, Colombia"
"GUAITARILLA, NARIÑO",13,"Guaitarilla, La Sabana, Nariño, RAP Pacífico, Colombia"
"GUALMATÁN, NARIÑO",5,"Gualmatán, Exprovincia de Obando, Nariño, RAP Pacífico, Colombia"
"GUAMAL, MAGDALENA",18,"Guamal, Magdalena, RAP Caribe, Colombia"
"GUAMAL, META",53,"Guamal, Piedemonte, Meta, RAP (Especial) Central, Colombia"
"GUAMO, TOLIMA",78,"Guamo, Suroriente, Tolima, RAP (Especial) Central, Colombia"
"GUAPI, CAUCA",19,"Guapi, Pacífico, Cauca, RAP Pacífico, Colombia"
"GUAPOTÁ, SANTANDER",1,"Guapotá, Comunera, Santander, RAP Gran Santander, Colombia"
"GUARANDA, SUCRE",8,"Guaranda, La Mojana, Sucre, RAP Caribe, Colombia"
"GUARNE, ANTIOQUIA",173,"Guarne, Oriente, Antioquia, RAP del Agua y la Montaña, Colombia"
"GUASCA, CUNDINAMARCA",46,"Guasca, Pueblo de Guasca, Guasca, Guavio, Cundinamarca, RAP (Especial) Central, 251060, Colombia"
"GUATAPE, ANTIOQUIA",19,"Guatapé, Oriente, Antioquia, RAP del Agua y la Montaña, Colombia"
"GUATAQUÍ, CUNDINAMARCA",2,"Guataquí, Alto Magdalena, Cundinamarca, RAP (Especial) Central, Colombia"
"GUATAVITA, CUNDINAMARCA",19,"Guatavita, Guavio, RAP (Especial) Central, 251060, Colombia"
"GUATEQUE, BOYACA",25,"Guateque, Oriente, Boyacá, RAP (Especial) Central, 153050, Colombia"
"GUAVATÁ, SANTANDER",11,"Guavatá, Vélez, Santander, RAP Gran Santander, Colombia"
"GUAYABAL DE SIQUIMA, CUNDINAMARCA",9,"Guayabal de Síquima, Magdalena Centro, Cundinamarca, RAP (Especial) Central, Colombia"
"GUAYABETAL, CUNDINAMARCA",13,"Guayabetal, Oriente, Cundinamarca, RAP (Especial) Central, Colombia"
"GUAYATÁ, BOYACA",3,"Guayatá, Oriente, Boyacá, RAP (Especial) Central, 153040, Colombia"
"GUTIÉRREZ, CUNDINAMARCA",5,"Gutiérrez, Oriente, Cundinamarca, RAP (Especial) Central, Colombia"
"GUÁTICA, RISARALDA",14,"Guática, Vertiente Occidental, Risaralda, RAP Eje Cafetero, Colombia"
"GÉNOVA, QUINDÍO",10,"Génova, Cordillerana, Quindío, RAP Eje Cafetero, Colombia"
"GÓMEZ PLATA, ANTIOQUIA",15,"Gómez Plata, Norte, Antioquia, RAP del Agua y la Montaña, Colombia"
"GÜEPSA, SANTANDER",10,"Güepsa, Vélez, Santander, RAP Gran Santander, Colombia"
"GÜICÁN, BOYACA",6,"Güicán, Gutiérrez, Boyacá, RAP (Especial) Central, 151440, Colombia"
"HACARÍ, NORTE DE SANTANDER",24,"Hacarí, Occidente, Norte de Santander, RAP Gran Santander, Colombia"
"HATO COROZAL, CASANARE",12,"Hato Corozal, Casanare, RAP Llanos, Colombia"
"HATO, SANTANDER",2,"Hato, Comunera, Santander, RAP Gran Santander, Colombia"
"HATONUEVO, LA GUAJIRA",14,"Hatonuevo, Hato Nuevo, La Guajira, RAP Caribe, Colombia"
"HELICONIA, ANTIOQUIA",10,"Heliconia, Occidente, Antioquia, RAP del Agua y la Montaña, Colombia"
"HERRÁN, NORTE DE SANTANDER",2,"Herrán, Suroriente, Norte de Santander, RAP Gran Santander, Colombia"
"HERVEO, TOLIMA",6,"Herveo, Nevados, Tolima, RAP (Especial) Central, Colombia"
"HISPANIA, ANTIOQUIA",2,"Hispania, Cabecera Municipal Hispania, Hispania, Suroeste, Antioquia, RAP del Agua y la Montaña, Colombia"
"HOBO, HUILA",9,"Hobo, Norte, Huila, RAP (Especial) Central, Colombia"
"HONDA, TOLIMA",129,"Honda, Norte, Tolima, RAP (Especial) Central, 732040, Colombia"
"IBAGUÉ, TOLIMA",4081,"Ibagué, Centro, Tolima, RAP (Especial) Central, Colombia"
"ICONONZO, TOLIMA",10,"Icononzo, Oriente, Tolima, RAP Eje Cafetero, Colombia"
"ILES, NARIÑO",7,"Iles, Exprovincia de Obando, Nariño, RAP Pacífico, Colombia"
"IMUÉS, NARIÑO",12,"Imués, La Sabana, Nariño, RAP Pacífico, Colombia"
"INZÁ, CAUCA",14,"Inzá, Oriente, Cauca, RAP Pacífico, Colombia"
"INÍRIDA, GUAINÍA",50,"Inírida, Guainía, RAP Amazonía, 940001, Colombia"
"IPIALES, NARIÑO",318,"Ipiales, Exprovincia de Obando, Nariño, RAP Pacífico, Colombia"
"IQUIRA, HUILA",17,"Íquira, Norte, Huila, RAP (Especial) Central, Colombia"
"ISNOS, HUILA",30,"Isnos, Sur, Huila, RAP (Especial) Central, Colombia"
"ISTMINA, CHOCÓ",47,"Istmina, San Juan, Chocó, RAP Pacífico, 274010, Colombia"
"ITAGUI, ANTIOQUIA",2046,"Itagüí, Valle de Aburrá, Antioquia, RAP del Agua y la Montaña, Colombia"
"ITUANGO, ANTIOQUIA",24,"Ituango, Norte, Antioquia, RAP del Agua y la Montaña, 052050, Colombia"
"IZA, BOYACA",2,"Iza, Sugamuxi, Boyacá, RAP (Especial) Central, 152240, Colombia"
"JAMBALÓ, CAUCA",228,"Jambaló, Norte, Cauca, RAP Pacífico, Colombia"
"JAMUNDÍ, VALLE DEL CAUCA",790,"Jamundí, Sur, Valle del Cauca, RAP Pacífico, Colombia"
"JARDÍN, ANTIOQUIA",18,"Jardín, Cabecera Municipal, Jardín, Suroeste, Antioquia, RAP del Agua y la Montaña, 056050, Colombia"
"JENESANO, BOYACA",8,"Jenesano, Márquez, Boyacá, RAP (Especial) Central, 153601, Colombia"
"JERICÓ, ANTIOQUIA",22,"Jericó, Cabecera Municipal Jericó, Jericó, Suroeste, Antioquia, RAP del Agua y la Montaña, 056010, Colombia"
"JERICÓ, BOYACA",2,"Jericó, Valderrama, Boyacá, RAP (Especial) Central, Colombia"
"JERUSALÉN, CUNDINAMARCA",1,"Jerusalén, Alto Magdalena, Cundinamarca, RAP (Especial) Central, Colombia"
"JESÚS MARÍA, SANTANDER",6,"Jesús María, Vélez, Santander, RAP Gran Santander, Colombia"
"JUAN DE ACOSTA, ATLÁNTICO",22,"Juan de Acosta, Atlántico, RAP Caribe, Colombia"
"JUNÍN, CUNDINAMARCA",12,"Junín, Guavio, RAP (Especial) Central, Colombia"
"JURADÓ, CHOCÓ",2,"Juradó, Pacífico Norte, Chocó, RAP Pacífico, Colombia"
"LA APARTADA, CÓRDOBA",6,"La Apartada, San Jorge, Córdoba, RAP Caribe, Colombia"
"LA ARGENTINA, HUILA",17,"La Argentina, Occidente, Huila, RAP (Especial) Central, Colombia"
"LA BELLEZA, SANTANDER",9,"La Belleza, Vélez, Santander, RAP Gran Santander, 685061, Colombia"
"LA CALERA, CUNDINAMARCA",201,"La Calera, Guavio, Cundinamarca, RAP (Especial) Central, Colombia"
"LA CAPILLA, BOYACA",2,"La Capilla, Oriente, Boyacá, RAP (Especial) Central, Colombia"
"LA CEJA, ANTIOQUIA",238,"La Ceja, Oriente, Antioquia, RAP del Agua y la Montaña, 055010, Colombia"
"LA CELIA, RISARALDA",12,"La Celia, Vertiente Occidental, Risaralda, RAP Eje Cafetero, Colombia"
"LA CRUZ, NARIÑO",12,"La Cruz, Río Mayo, Nariño, RAP Pacífico, Colombia"
"LA CUMBRE, VALLE DEL CAUCA",27,"La Cumbre, Sur, Valle del Cauca, RAP Pacífico, Colombia"
"LA DORADA, CALDAS",237,"La Dorada, Magdalena Caldense, Caldas, RAP del Agua y la Montaña, Colombia"
"LA ESPERANZA, NORTE DE SANTANDER",2,"La Esperanza, Occidente, Norte de Santander, RAP Gran Santander, Colombia"
"LA ESTRELLA, ANTIOQUIA",426,"La Estrella, La Estrella, Antioquia, Valle de Aburrá, Antioquia, RAP del Agua y la Montaña, 055460, Colombia"
"LA FLORIDA, NARIÑO",9,"La Florida, Centro, Nariño, RAP Pacífico, Colombia"
"LA GLORIA, CESAR",13,"La Gloria, Cesar, RAP Caribe, Colombia"
"LA JAGUA DE IBIRICO, CESAR",68,"La Jagua de Ibirico, Cesar, RAP Caribe, Colombia"
"LA JAGUA DEL PILAR, LA GUAJIRA",2,"La Jagua del Pilar, La Guajira, RAP Caribe, Colombia"
"LA LLANADA, NARIÑO",4,"La Llanada, Guambuyaco, Nariño, RAP Pacífico, Colombia"
"LA MACARENA, META",19,"La Macarena, Ariari, Meta, RAP (Especial) Central, Colombia"
"LA MERCED, CALDAS",9,"La Merced, Alto Occidente, Caldas, RAP del Agua y la Montaña, Colombia"
"LA MESA, CUNDINAMARCA",155,"La Mesa, Tequendama, Cundinamarca, RAP (Especial) Central, 262511, Colombia"
"LA MONTAÑITA, CAQUETÁ",9,"La Montañita, Caquetá, RAP Amazonía, Colombia"
"LA PALMA, CUNDINAMARCA",7,"La Palma, Provincia de Rionegro, Cundinamarca, RAP (Especial) Central, Colombia"
"LA PAZ, CESAR",47,"La Paz, Cesar, RAP Caribe, Colombia"
"LA PAZ, SANTANDER",6,"La Paz, Vélez, Santander, RAP Gran Santander, Colombia"
"LA PEDRERA, AMAZONAS",1,"La Pedrera, Amazonas, RAP Amazonía, Colombia"
"LA PEÑA, CUNDINAMARCA",4,"La Peña, Gualivá, Cundinamarca, RAP (Especial) Central, 253640, Colombia"
"LA PINTADA, ANTIOQUIA",13,"La Pintada, Suroeste, Antioquia, RAP del Agua y la Montaña, 055060, Colombia"
"LA PLATA, HUILA",110,"La Plata, Occidente, Huila, RAP (Especial) Central, Colombia"
"LA PLAYA, NORTE DE SANTANDER",5,"La Playa, Sardinata, Norte, Norte de Santander, RAP Gran Santander, Colombia"
"LA PRIMAVERA, VICHADA",5,"La Primavera, Vichada, RAP Llanos, Colombia"
"LA SIERRA, CAUCA",19,"La Sierra, Macizo, Cauca, RAP Pacífico, Colombia"
"LA TEBAIDA, QUINDÍO",75,"La Tebaida, Valle, Quindío, RAP Eje Cafetero, Colombia"
"LA UNIÓN, ANTIOQUIA",53,"La Unión, Oriente, Antioquia, RAP del Agua y la Montaña, Colombia"
"LA UNIÓN, NARIÑO",46,"La Unión, Juanambú, Nariño, RAP Pacífico, 521520, Colombia"
"LA UNIÓN, SUCRE",10,"La Unión, San Jorge, Sucre, RAP Caribe, Colombia"
"LA UNIÓN, VALLE DEL CAUCA",81,"La Unión, Norte, Valle del Cauca, RAP Pacífico, Colombia"
"LA UVITA, BOYACA",5,"La Uvita, Norte, Boyacá, RAP (Especial) Central, Colombia"
"LA VEGA, CAUCA",9,"La Vega, Macizo, Cauca, RAP Pacífico, Colombia"
"LA VEGA, CUNDINAMARCA",89,"La Vega, Gualivá, Cundinamarca, RAP (Especial) Central, 253610, Colombia"
"LA VICTORIA, BOYACA",1,"La Victoria, Occidente, Boyacá, RAP (Especial) Central, Colombia"
"LA VICTORIA, VALLE DEL CAUCA",21,"La Victoria, Norte, Valle del Cauca, RAP Pacífico, Colombia"
"LA VIRGINIA, RISARALDA",91,"La Virginia, Risaralda, RAP Eje Cafetero, Colombia"
"LABATECA, NORTE DE SANTANDER",6,"Labateca, Suroriente, Norte de Santander, RAP Gran Santander, Colombia"
"LABRANZAGRANDE, BOYACA",3,"Labranzagrande, La Libertad, Boyacá, RAP (Especial) Central, Colombia"
"LANDÁZURI, SANTANDER",10,"Landázuri, Vélez, Santander, RAP Gran Santander, Colombia"
"LEBRÍJA, SANTANDER",71,"Lebrija, Metropolitana, Santander, RAP Gran Santander, Colombia"
"LEGUÍZAMO, PUTUMAYO",23,"Puerto Leguízamo, Putumayo, RAP Amazonía, Colombia"
"LEIVA, NARIÑO",3,"Leiva, La Cordillera, Nariño, RAP Pacífico, Colombia"
"LEJANÍAS, META",14,"Lejanías, Ariari, Meta, RAP (Especial) Central, 506061, Colombia"
"LENGUAZAQUE, CUNDINAMARCA",13,"Río Lenguazaque, Lenguazaque, Ubaté, Cundinamarca, RAP (Especial) Central, Colombia"
"LETICIA, AMAZONAS",42,"Leticia, Amazonas, RAP Amazonía, Colombia"
"LIBORINA, ANTIOQUIA",5,"Liborina, Occidente, Antioquia, RAP del Agua y la Montaña, Colombia"
"LINARES, NARIÑO",5,"Linares, Occidente, Nariño, RAP Pacífico, Colombia"
"LLORÓ, CHOCÓ",5,"Lloró, Atrato, Chocó, RAP Pacífico, Colombia"
"LORICA, CÓRDOBA",155,"Lorica, Bajo Sínú, Córdoba, RAP Caribe, 231020, Colombia"
"LOS ANDES, NARIÑO",7,"Sotomayor (Los Andes), Los Andes Sotomayor, Guambuyaco, Nariño, RAP Pacífico, Colombia"
"LOS CÓRDOBAS, CÓRDOBA",5,"Los Córdobas, Costanera, Córdoba, RAP Caribe, Colombia"
"LOS PALMITOS, SUCRE",14,"Los Palmitos, Sabanas, Sucre, RAP Caribe, Colombia"
"LOS PATIOS, NORTE DE SANTANDER",337,"Los Patios, Oriental, Norte de Santander, RAP Gran Santander, 541010, Colombia"
"LOS SANTOS, SANTANDER",21,"Los Santos, Metropolitana, Santander, RAP Gran Santander, Colombia"
"LOURDES, NORTE DE SANTANDER",8,"Lourdes, Centro, Norte de Santander, RAP Gran Santander, Colombia"
"LURUACO, ATLÁNTICO",17,"Luruaco, Atlántico, RAP Caribe, 080032, Colombia"
"LÉRIDA, TOLIMA",53,"Lérida, Nevados, Tolima, RAP (Especial) Central, Colombia"
"LÍBANO, TOLIMA",97,"Líbano, Nevados, Tolima, RAP (Especial) Central, 731040, Colombia"
"LÓPEZ, CAUCA",2,"López, Pacífico, Cauca, RAP Pacífico, Colombia"
"MACANAL, BOYACA",6,"Macanal, Neira, Boyacá, RAP (Especial) Central, 152840, Colombia"
"MACARAVITA, SANTANDER",1,"Macaravita, García Rovira, Santander, RAP Gran Santander, Colombia"
"MACEO, ANTIOQUIA",7,"Maceo, Magdalena Medio, Antioquia, RAP del Agua y la Montaña, Colombia"
"MACHETA, CUNDINAMARCA",14,"Drogueria Macheta, Conexión Troncal Central del Norte - Troncal Villagarzon - Saravena, Surala, Machetá, Almeidas, RAP (Especial) Central, 250840, Colombia"
"MADRID, CUNDINAMARCA",781,"Madrid, Sabana Occidente, Cundinamarca, RAP (Especial) Central, Colombia"
"MAGANGUÉ, BOLÍVAR",158,"Magangué, Mojana, Bolívar, RAP Caribe, Colombia"
"MAGÜI, NARIÑO",1,"Magüi, Ricaurte, Pie de Monte Costero, Nariño, RAP Pacífico, Colombia"
"MAHATES, BOLÍVAR",13,"Mahates, Dique, Bolívar, RAP Caribe, Colombia"
"MAICAO, LA GUAJIRA",119,"Maicao, La Guajira, RAP Caribe, 442001, Colombia"
"MAJAGUAL, SUCRE",12,"Majagual, La Mojana, Sucre, RAP Caribe, Colombia"
"MALAMBO, ATLÁNTICO",172,"Malambo, Atlántico, RAP Caribe, 083010, Colombia"
"MALLAMA, NARIÑO",5,"Mallama, Pie de Monte Costero, Nariño, RAP Pacífico, Colombia"
"MANATÍ, ATLÁNTICO",10,"Manatí, Atlántico, RAP Caribe, 085020, Colombia"
"MANAURE, CESAR",13,"Manaure Balcón del Cesar, Cesar, RAP Caribe, Colombia"
"MANAURE, LA GUAJIRA",12,"Manaure, La Guajira, RAP Caribe, Colombia"
"MANIZALES, CALDAS",2093,"Manizales, Centrosur, Caldas, RAP del Agua y la Montaña, Colombia"
"MANTA, CUNDINAMARCA",1,"Manta, Almeidas, RAP (Especial) Central, Colombia"
"MANZANARES, CALDAS",10,"Manzanares, Alto Oriente, Caldas, RAP del Agua y la Montaña, Colombia"
"MANÍ, CASANARE",17,"Maní, Casanare, RAP Llanos, Colombia"
"MAPIRIPÁN, META",2,"Mapiripán, Ariari, Meta, RAP (Especial) Central, Colombia"
"MARGARITA, BOLÍVAR",4,"Margarita, Isla de Mompós, Bolívar, RAP Caribe, Colombia"
"MARINILLA, ANTIOQUIA",197,"Marinilla, Oriente, Antioquia, RAP del Agua y la Montaña, 054020, Colombia"
"MARIPÍ, BOYACA",6,"Maripí, Occidente, Boyacá, RAP (Especial) Central, 154820, Colombia"
"MARIQUITA, TOLIMA",146,"Mariquita, Norte, Tolima, RAP (Especial) Central, Colombia"
"MARMATO, CALDAS",16,"Marmato, Alto Occidente, Caldas, RAP del Agua y la Montaña, Colombia"
"MARQUETALIA, CALDAS",25,"Marquetalia, Alto Oriente, Caldas, RAP del Agua y la Montaña, Colombia"
"MARSELLA, RISARALDA",19,"Marsella, Risaralda, RAP Eje Cafetero, Colombia"
"MARULANDA, CALDAS",5,"Marulanda, Alto Oriente, Caldas, RAP del Agua y la Montaña, Colombia"
"MARÍA LA BAJA, BOLÍVAR",25,"María la Baja, Dique, Bolívar, RAP Caribe, Colombia"
"MATANZA, SANTANDER",3,"Matanza, Soto Norte, Santander, RAP Gran Santander, Colombia"
"MEDELLÍN, ANTIOQUIA",19058,"Medellín, Valle de Aburrá, Antioquia, RAP del Agua y la Montaña, 0500, Colombia"
"MEDINA, CUNDINAMARCA",15,"Medina, Cundinamarca, RAP (Especial) Central, Colombia"
"MEDIO ATRATO, CHOCÓ",1,"Medio Atrato (Beté), Atrato, Chocó, RAP Pacífico, Colombia"
"MEDIO SAN JUAN, CHOCÓ",2,"Medio San Juan, San Juan, Chocó, RAP Pacífico, Colombia"
"MELGAR, TOLIMA",228,"Melgar, Oriente, Tolima, RAP Eje Cafetero, 734001, Colombia"
"MERCADERES, CAUCA",18,"Mercaderes, Sur del Cauca, Cauca, RAP Pacífico, Colombia"
"MESETAS, META",19,"Mesetas, Ariari, Meta, RAP (Especial) Central, Colombia"
"MILÁN, CAQUETÁ",8,"Milán, Caquetá, RAP Amazonía, Colombia"
"MIRAFLORES, BOYACA",14,"Miraflores, Lengupá, Boyacá, RAP (Especial) Central, Colombia"
"MIRANDA, CAUCA",93,"Miranda, Norte, Cauca, RAP Pacífico, 191520, Colombia"
"MISTRATÓ, RISARALDA",12,"Mistrató, Vertiente Pacífico, Risaralda, RAP Eje Cafetero, Colombia"
"MITÚ, VAUPÉS",37,"Mitú, Vaupés, RAP Amazonía, Colombia"
"MOCOA, PUTUMAYO",216,"Mocoa, Putumayo, RAP Amazonía, 860001, Colombia"
"MOGOTES, SANTANDER",8,"Mogotes, Guanentá, Santander, RAP Gran Santander, Colombia"
"MOLAGAVITA, SANTANDER",2,"Molagavita, García Rovira, Santander, RAP Gran Santander, Colombia"
"MOMIL, CÓRDOBA",16,"Momil, Bajo Sínú, Córdoba, RAP Caribe, Colombia"
"MOMPÓS, BOLÍVAR",53,"Santa Cruz de Mompox, Isla de Mompós, Bolívar, RAP Caribe, 132560, Colombia"
"MONGUÍ, BOYACA",6,"Monguí, Sugamuxi, Boyacá, RAP (Especial) Central, Colombia"
"MONIQUIRÁ, BOYACA",59,"Moniquirá, Ricaurte, Boyacá, RAP (Especial) Central, Colombia"
"MONTEBELLO, ANTIOQUIA",7,"Montebello, Suroeste, Antioquia, RAP del Agua y la Montaña, Colombia"
"MONTECRISTO, BOLÍVAR",2,"Montecristo, Mojana, Bolívar, RAP Caribe, Colombia"
"MONTELÍBANO, CÓRDOBA",94,"Montelíbano, San Jorge, Córdoba, RAP Caribe, Colombia"
"MONTENEGRO, QUINDÍO",63,"Montenegro, Valle, Quindío, RAP Eje Cafetero, 633001, Colombia"
"MONTERREY, CASANARE",38,"Monterrey, Casanare, RAP Llanos, 855010, Colombia"
"MONTERÍA, CÓRDOBA",2055,"Montería, Córdoba, RAP Caribe, Colombia"
"MORALES, BOLÍVAR",9,"Morales, Bolívar, RAP Caribe, 730003, Colombia"
"MORALES, CAUCA",12,"Morales, Centro, Cauca, RAP Pacífico, 190559, Colombia"
"MORELIA, CAQUETÁ",3,"Morelia, Caquetá, RAP Amazonía, Colombia"
"MORROA, SUCRE",23,"Morroa, Montes de María, Sucre, RAP Caribe, Colombia"
"MOSQUERA, CUNDINAMARCA",923,"Mosquera, Sabana Occidente, Cundinamarca, RAP (Especial) Central, Colombia"
"MOSQUERA, NARIÑO",3,"Mosquera, Sanquianga, Nariño, RAP Pacífico, Colombia"
"MOTAVITA, BOYACA",7,"Motavita, Centro, Boyacá, RAP (Especial) Central, 154080, Colombia"
"MOÑITOS, CÓRDOBA",16,"Moñitos, Costanera, Córdoba, RAP Caribe, 231001, Colombia"
"MURILLO, TOLIMA",4,"Murillo, Nevados, Tolima, RAP (Especial) Central, Colombia"
"MURINDÓ, ANTIOQUIA",4,"Murindó, Urabá, Antioquia, RAP del Agua y la Montaña, Colombia"
"MUTATÁ, ANTIOQUIA",17,"Mutatá, Urabá, Antioquia, RAP del Agua y la Montaña, Colombia"
"MUTISCUA, NORTE DE SANTANDER",6,"Mutiscua, Suroccidente, Norte de Santander, RAP Gran Santander, Colombia"
"MUZO, BOYACA",11,"Muzo, Occidente, Boyacá, RAP (Especial) Central, Colombia"
"MÁLAGA, SANTANDER",53,"Málaga, García Rovira, Santander, RAP Gran Santander, Colombia"
"NARIÑO, ANTIOQUIA",6,"Nariño, Oriente, Antioquia, RAP del Agua y la Montaña, Colombia"
"NARIÑO, CUNDINAMARCA",4,"Nariño, Alto Magdalena, Cundinamarca, RAP (Especial) Central, Colombia"
"NARIÑO, NARIÑO",23,"Nariño, Centro, Nariño, RAP Pacífico, Colombia"
"NATAGAIMA, TOLIMA",30,"Natagaima, Sur, Tolima, RAP (Especial) Central, Colombia"
"NECHÍ, ANTIOQUIA",12,"Nechí, Bajo Cauca, Antioquia, RAP del Agua y la Montaña, Colombia"
"NECOCLÍ, ANTIOQUIA",30,"Necoclí, Urabá, Antioquia, RAP del Agua y la Montaña, 057870, Colombia"
"NEIRA, CALDAS",29,"Neira, Centrosur, Caldas, RAP del Agua y la Montaña, 171001, Colombia"
"NEIVA, HUILA",2721,"Neiva, Norte, Huila, RAP (Especial) Central, Colombia"
"NEMOCÓN, CUNDINAMARCA",27,"Nemocón, Sabana Centro, RAP (Especial) Central, Colombia"
"NILO, CUNDINAMARCA",85,"Nilo, Alto Magdalena, Cundinamarca, RAP (Especial) Central, Colombia"
"NIMAIMA, CUNDINAMARCA",6,"Nimaima, Gualivá, Cundinamarca, RAP (Especial) Central, Colombia"
"NOBSA, BOYACA",33,"Nobsa, Sugamuxi, Boyacá, RAP (Especial) Central, Colombia"
"NOCAIMA, CUNDINAMARCA",27,"Nocaima, Gualivá, Cundinamarca, RAP (Especial) Central, Colombia"
"NORCASIA, CALDAS",10,"Norcasia, Magdalena Caldense, Caldas, RAP del Agua y la Montaña, 175001, Colombia"
"NUEVA GRANADA, MAGDALENA",10,"Nueva Granada (Granada), Magdalena, RAP Caribe, Colombia"
"NUEVO COLÓN, BOYACA",7,"Nuevo Colón, Márquez, Boyacá, RAP (Especial) Central, Colombia"
"NUNCHÍA, CASANARE",8,"Nunchía, Casanare, RAP Llanos, Colombia"
"NUQUÍ, CHOCÓ",12,"Nuquí, Pacífico Norte, Chocó, RAP Pacífico, 276058, Colombia"
"NÁTAGA, HUILA",7,"Nátaga, Occidente, Huila, RAP (Especial) Central, Colombia"
"NÓVITA, CHOCÓ",9,"Nóvita, San Juan, Chocó, RAP Pacífico, Colombia"
"OBANDO, VALLE DEL CAUCA",12,"Obando, Norte, Valle del Cauca, RAP Pacífico, Colombia"
"OCAMONTE, SANTANDER",2,"Ocamonte, Guanentá, Santander, RAP Gran Santander, Colombia"
"OCANA, NORTE DE SANTANDER",297,"Ocaña, Occidente, Norte de Santander, RAP Gran Santander, Colombia"
"OIBA, SANTANDER",22,"Oiba, Comunera, Santander, RAP Gran Santander, Colombia"
"OICATÁ, BOYACA",9,"Oicatá, Centro, Boyacá, RAP (Especial) Central, Colombia"
"OLAYA HERRERA, NARIÑO",1,"Olaya Herrera (Bocas de Satinga), Sanquianga, Nariño, RAP Pacífico, Colombia"
"OLAYA, ANTIOQUIA",4,"Olaya, Occidente, Antioquia, RAP del Agua y la Montaña, Colombia"
"ONZAGA, SANTANDER",5,"Onzaga, Santander, RAP Gran Santander, Colombia"
"OPORAPA, HUILA",9,"Oporapa, Sur, Huila, RAP (Especial) Central, Colombia"
"ORITO, PUTUMAYO",66,"Orito, Putumayo, RAP Amazonía, Colombia"
"OROCUÉ, CASANARE",10,"Orocué, Casanare, RAP Llanos, 853050, Colombia"
"ORTEGA, TOLIMA",31,"Ortega, Sur, Tolima, RAP (Especial) Central, Colombia"
"OSPINA, NARIÑO",6,"Ospina, La Sabana, Nariño, RAP Pacífico, Colombia"
"OTANCHE, BOYACA",14,"Otanche, Occidente, Boyacá, RAP (Especial) Central, Colombia"
"OVEJAS, SUCRE",22,"Ovejas, Montes de María, Sucre, RAP Caribe, Colombia"
"PACHAVITA, BOYACA",5,"Pachavita, Neira, Boyacá, RAP (Especial) Central, Colombia"
"PACHO, CUNDINAMARCA",62,"Pacho, Provincia de Rionegro, Cundinamarca, RAP (Especial) Central, 254001, Colombia"
"PADILLA, CAUCA",20,"Padilla, Norte, Cauca, RAP Pacífico, Colombia"
"PAEZ, CAUCA",16,"Paez, Norte, Cauca, RAP Pacífico, Colombia"
"PAICOL, HUILA",4,"Paicol, Occidente, Huila, RAP (Especial) Central, Colombia"
"PAILITAS, CESAR",19,"Pailitas, Cesar, RAP Caribe, Colombia"
"PAIME, CUNDINAMARCA",3,"Paime, Provincia de Rionegro, Cundinamarca, RAP (Especial) Central, Colombia"
"PAIPA, BOYACA",100,"Paipa, Tundama, Boyacá, RAP (Especial) Central, Colombia"
"PAJARITO, BOYACA",3,"Pajarito, La Libertad, Boyacá, RAP (Especial) Central, Colombia"
"PALERMO, HUILA",60,"Palermo, Norte, Huila, RAP (Especial) Central, Colombia"
"PALESTINA, CALDAS",21,"Palestina, Centrosur, Caldas, RAP del Agua y la Montaña, Colombia"
"PALESTINA, HUILA",12,"Palestina, Sur, Huila, RAP (Especial) Central, Colombia"
"PALMAR DE VARELA, ATLÁNTICO",27,"Palmar de Varela, Atlántico, RAP Caribe, Colombia"
"PALMAS DEL SOCORRO, SANTANDER",2,"Palmas del Socorro, Comunera, Santander, RAP Gran Santander, Colombia"
"PALMIRA, VALLE DEL CAUCA",1817,"Palmira, Sur, Valle del Cauca, RAP Pacífico, Colombia"
"PALMITO, SUCRE",1,"San Antonio de Palmito, Morrosquillo, Sucre, RAP Caribe, Colombia"
"PALOCABILDO, TOLIMA",14,"Palocabildo, Norte, Tolima, RAP (Especial) Central, Colombia"
"PAMPLONA, NORTE DE SANTANDER",301,"Pamplona, Suroccidente, Norte de Santander, RAP Gran Santander, Colombia"
"PAMPLONITA, NORTE DE SANTANDER",4,"Pamplonita, Suroccidente, Norte de Santander, RAP Gran Santander, Colombia"
"PANDI, CUNDINAMARCA",19,"Pandi, Sumapaz, Cundinamarca, RAP (Especial) Central, Colombia"
"PANQUEBA, BOYACA",1,"Panqueba, Gutiérrez, Boyacá, RAP (Especial) Central, 151430, Colombia"
"PARATEBUENO, CUNDINAMARCA",24,"Paratebueno, Medina, Cundinamarca, RAP (Especial) Central, Colombia"
"PASCA, CUNDINAMARCA",17,"Pasca, Sumapaz, Cundinamarca, RAP (Especial) Central, Colombia"
"PASTO, NARIÑO",2409,"Perímetro Urbano Pasto, Pasto, Centro, Nariño, RAP Pacífico, Colombia"
"PATÍA, CAUCA",60,"Patía, Sur del Cauca, Cauca, RAP Pacífico, Colombia"
"PAUNA, BOYACA",13,"Pauna, Occidente, Boyacá, RAP (Especial) Central, 154801, Colombia"
"PAZ DE ARIPORO, CASANARE",65,"Paz de Ariporo, Casanare, RAP Llanos, Colombia"
"PAZ DE RÍO, BOYACA",7,"Paz de Río, Valderrama, Boyacá, RAP (Especial) Central, Colombia"
"PEDRAZA, MAGDALENA",2,"Pedraza, Magdalena, RAP Caribe, Colombia"
"PELAYA, CESAR",20,"Pelaya, Cesar, RAP Caribe, Colombia"
"PENSILVANIA, CALDAS",15,"Pensilvania, Alto Oriente, Caldas, RAP del Agua y la Montaña, 173069, Colombia"
"PEQUE, ANTIOQUIA",5,"Peque, Occidente, Antioquia, RAP del Agua y la Montaña, 057010, Colombia"
"PEREIRA, RISARALDA",4064,"Pereira, Risaralda, RAP Eje Cafetero, Colombia"
"PESCA, BOYACA",7,"Pesca, Sugamuxi, Boyacá, RAP (Especial) Central, 152469, Colombia"
"PEÑOL, ANTIOQUIA",32,"El Peñol, Oriente, Antioquia, RAP del Agua y la Montaña, Colombia"
"PIAMONTE, CAUCA",10,"Piamonte, Piedemonte Amazónico, Cauca, RAP Pacífico, Colombia"
"PIEDECUESTA, SANTANDER",577,"Piedecuesta, Santander, RAP Gran Santander, 681011, Colombia"
"PIEDRAS, TOLIMA",6,"Piedras, Centro, Tolima, RAP (Especial) Central, Colombia"
"PIENDAMÓ, CAUCA",75,"Piendamó, Centro, Cauca, RAP Pacífico, 190530, Colombia"
"PIJAO, QUINDÍO",9,"Pijao, Cordillerana, Quindío, RAP Eje Cafetero, 632060, Colombia"
"PIJIÑO DEL CARMEN, MAGDALENA",5,"Pijiño del Carmen, Magdalena, RAP Caribe, Colombia"
"PINCHOTE, SANTANDER",5,"Pinchote, Guanentá, Santander, RAP Gran Santander, Colombia"
"PINILLOS, BOLÍVAR",5,"Pinillos, Mojana, Bolívar, RAP Caribe, Colombia"
"PIOJÓ, ATLÁNTICO",2,"Piojó, Atlántico, RAP Caribe, Colombia"
"PITAL, HUILA",16,"Pital, Centro, Huila, RAP (Especial) Central, Colombia"
"PITALITO, HUILA",390,"Pitalito, Sur, Huila, RAP (Especial) Central, 417030, Colombia"
"PIVIJAY, MAGDALENA",33,"Pivijay, Magdalena, RAP Caribe, 477050, Colombia"
"PLANADAS, TOLIMA",23,"Planadas, Sur, Tolima, RAP (Especial) Central, Colombia"
"PLANETA RICA, CÓRDOBA",116,"Planeta Rica, San Jorge, Córdoba, RAP Caribe, Colombia"
"PLATO, MAGDALENA",67,"Plato, Magdalena, RAP Caribe, Colombia"
"POLICARPA, NARIÑO",8,"Policarpa, La Cordillera, Nariño, RAP Pacífico, Colombia"
"POLONUEVO, ATLÁNTICO",19,"Polonuevo, Atlántico, RAP Caribe, Colombia"
"PONEDERA, ATLÁNTICO",7,"Ponedera, Atlántico, RAP Caribe, Colombia"
"POPAYÁN, CAUCA",2331,"Popayán, Centro, Cauca, RAP Pacífico, Colombia"
"PORE, CASANARE",22,"Pore, Casanare, RAP Llanos, 852050, Colombia"
"POTOSÍ, NARIÑO",7,"Potosí, Exprovincia de Obando, Nariño, RAP Pacífico, Colombia"
"PRADERA, VALLE DEL CAUCA",88,"Pradera, Sur, Valle del Cauca, RAP Pacífico, Colombia"
"PRADO, TOLIMA",10,"Prado, Suroriente, Tolima, RAP (Especial) Central, Colombia"
"PROVIDENCIA, ARCHIPIÉLAGO DE SAN ANDRÉS, PROVIDENCIA Y SANTA CATALINA",14,"Isla de Providencia, Rocky Point, Archipiélago de San Andrés, Providencia y Santa Catalina, Colombia"
"PROVIDENCIA, NARIÑO",1,"Providencia, Los Abades, Nariño, RAP Pacífico, Colombia"
"PUEBLO BELLO, CESAR",3,"Pueblo Bello, Cesar, RAP Caribe, Colombia"
"PUEBLO NUEVO, CÓRDOBA",15,"Pueblo Nuevo, pueblo nuevo, San Jorge, Córdoba, RAP Caribe, Colombia"
"PUEBLO RICO, RISARALDA",18,"Pueblo Rico, Vertiente Pacífico, Risaralda, RAP Eje Cafetero, Colombia"
"PUEBLORRICO, ANTIOQUIA",7,"Pueblorrico, Suroeste, Antioquia, RAP del Agua y la Montaña, Colombia"
"PUEBLOVIEJO, MAGDALENA",15,"Puebloviejo, Magdalena, RAP Caribe, Colombia"
"PUENTE NACIONAL, SANTANDER",45,"Puente Nacional, Vélez, Santander, RAP Gran Santander, Colombia"
"PUERRES, NARIÑO",11,"Puerres, Exprovincia de Obando, Nariño, RAP Pacífico, Colombia"
"PUERTO ASÍS, PUTUMAYO",129,"Puerto Asís, Putumayo, RAP Amazonía, Colombia"
"PUERTO BERRÍO, ANTIOQUIA",64,"Puerto Berrío, Magdalena Medio, Antioquia, RAP del Agua y la Montaña, 053420, Colombia"
"PUERTO BOYACÁ, BOYACA",90,"Puerto Boyacá, Occidente, Boyacá, RAP (Especial) Central, Colombia"
"PUERTO CAICEDO, PUTUMAYO",5,"Puerto Caicedo, Putumayo, RAP Amazonía, Colombia"
"PUERTO CARREÑO, VICHADA",24,"Puerto Carreño, Vichada, RAP Llanos, Colombia"
"PUERTO COLOMBIA, ATLÁNTICO",184,"Puerto Colombia, Atlántico, RAP Caribe, 081001, Colombia"
"PUERTO CONCORDIA, META",4,"Puerto Concordia, Ariari, Meta, RAP (Especial) Central, Colombia"
"PUERTO ESCONDIDO, CÓRDOBA",9,"Puerto Escondido, Costanera, Córdoba, RAP Caribe, Colombia"
"PUERTO GAITÁN, META",94,"Puerto Gaitán, Rio Meta, Meta, RAP (Especial) Central, 502001, Colombia"
"PUERTO GUZMÁN, PUTUMAYO",4,"Puerto Guzmán, Putumayo, RAP Amazonía, Colombia"
"PUERTO LIBERTADOR, CÓRDOBA",21,"Puerto Libertador, San Jorge, Córdoba, RAP Caribe, Colombia"
"PUERTO LLERAS, META",10,"Puerto Lleras, Ariari, Meta, RAP (Especial) Central, Colombia"
"PUERTO LÓPEZ, META",71,"Puerto López, Rio Meta, Meta, RAP (Especial) Central, Colombia"
"PUERTO NARE, ANTIOQUIA",10,"Puerto Nare, Magdalena Medio, Antioquia, RAP del Agua y la Montaña, Colombia"
"PUERTO NARIÑO, AMAZONAS",1,"Puerto Nariño, Amazonas, RAP Amazonía, Colombia"
"PUERTO PARRA, SANTANDER",4,"Puerto Parra, Yariguíes, Santander, RAP Gran Santander, Colombia"
"PUERTO RICO, CAQUETÁ",19,"Puerto Rico, Caquetá, RAP Amazonía, Colombia"
"PUERTO RICO, META",10,"Puerto Rico, Ariari, Meta, RAP (Especial) Central, Colombia"
"PUERTO RONDÓN, ARAUCA",10,"Puerto Rondón, Arauca, RAP Llanos, Colombia"
"PUERTO SALGAR, CUNDINAMARCA",38,"Puerto Salgar, Bajo Magdalena, Cundinamarca, RAP (Especial) Central, Colombia"
"PUERTO SANTANDER, NORTE DE SANTANDER",10,"Puerto Santander, Oriental, Norte de Santander, RAP Gran Santander, Colombia"
"PUERTO TEJADA, CAUCA",162,"Puerto Tejada, Norte, Cauca, RAP Pacífico, Colombia"
"PUERTO TRIUNFO, ANTIOQUIA",24,"Puerto Triunfo, Magdalena Medio, Antioquia, RAP del Agua y la Montaña, Colombia"
"PUERTO WILCHES, SANTANDER",29,"Puerto Wilches, Yariguíes, Santander, RAP Gran Santander, Colombia"
"PULÍ, CUNDINAMARCA",1,"Pulí, Magdalena Centro, Cundinamarca, RAP (Especial) Central, Colombia"
"PUPIALES, NARIÑO",13,"Pupiales, Exprovincia de Obando, Nariño, RAP Pacífico, Colombia"
"PURACÉ, CAUCA",4,"Puracé, Centro, Cauca, RAP Pacífico, Colombia"
"PURIFICACIÓN, TOLIMA",66,"Purificación, Suroriente, Tolima, RAP (Especial) Central, Colombia"
"PURÍSIMA, CÓRDOBA",15,"Purísima, Bajo Sínú, Córdoba, RAP Caribe, Colombia"
"PÁCORA, CALDAS",17,"Pácora, Norte, Caldas, RAP del Agua y la Montaña, 172040, Colombia"
"PÁEZ, BOYACA",3,"Páez, Lengupá, Boyacá, RAP (Especial) Central, Colombia"
"PÁRAMO, SANTANDER",7,"Páramo, Guanentá, Santander, RAP Gran Santander, Colombia"
"QUEBRADANEGRA, CUNDINAMARCA",2,"Quebradanegra, Gualivá, Cundinamarca, RAP (Especial) Central, Colombia"
"QUETAME, CUNDINAMARCA",14,"Quetame, Oriente, RAP (Especial) Central, Colombia"
"QUIBDO, CHOCÓ",798,"Quibdó, Atrato, Chocó, RAP Pacífico, Colombia"
"QUIMBAYA, QUINDÍO",74,"Quimbaya, Valle, Quindío, RAP Eje Cafetero, Colombia"
"QUINCHÍA, RISARALDA",28,"Quinchía, Vertiente Occidental, Risaralda, RAP Eje Cafetero, Colombia"
"QUIPILE, CUNDINAMARCA",7,"Quipile, Tequendama, RAP (Especial) Central, Colombia"
"QUÍPAMA, BOYACA",2,"Quípama, Occidente, Boyacá, RAP (Especial) Central, Colombia"
"RAGONVALIA, NORTE DE SANTANDER",5,"Ragonvalia, Suroriente, Norte de Santander, RAP Gran Santander, Colombia"
"RAMIRIQUÍ, BOYACA",21,"Ramiriquí, Márquez, Boyacá, RAP (Especial) Central, Colombia"
"REGIDOR, BOLÍVAR",2,"Regidor, Bolívar, RAP Caribe, Colombia"
"REMEDIOS, ANTIOQUIA",27,"Remedios, Nordeste, Antioquia, RAP del Agua y la Montaña, Colombia"
"REMOLINO, MAGDALENA",1,"Remolino, Magdalena, RAP Caribe, Colombia"
"REPELÓN, ATLÁNTICO",11,"Repelón, Atlántico, RAP Caribe, Colombia"
"RESTREPO, META",82,"Restrepo, Piedemonte, Meta, RAP (Especial) Central, Colombia"
"RESTREPO, VALLE DEL CAUCA",18,"Restrepo, Centro, Valle del Cauca, RAP Pacífico, Colombia"
"RETIRO, ANTIOQUIA",90,"El Retiro, Oriente, Antioquia, RAP del Agua y la Montaña, Colombia"
"RICAURTE, CUNDINAMARCA",86,"Ricaurte, Alto Magdalena, RAP (Especial) Central, Colombia"
"RICAURTE, NARIÑO",23,"Ricaurte, Pie de Monte Costero, Nariño, RAP Pacífico, Colombia"
"RIOBLANCO, TOLIMA",21,"Rioblanco, Sur, Tolima, RAP (Especial) Central, Colombia"
"RIOFRÍO, VALLE DEL CAUCA",24,"Riofrío, Centro, Valle del Cauca, RAP Pacífico, Colombia"
"RIOHACHA, LA GUAJIRA",502,"Riohacha, La Guajira, RAP Caribe, Colombia"
"RIONEGRO, ANTIOQUIA",947,"Rionegro, Oriente, Antioquia, RAP del Agua y la Montaña, 054040, Colombia"
"RIONEGRO, SANTANDER",22,"Rionegro, Metropolitana, Santander, RAP Gran Santander, Colombia"
"RIOSUCIO, CALDAS",62,"Riosucio, Alto Occidente, Caldas, RAP del Agua y la Montaña, Colombia"
"RIOSUCIO, CHOCÓ",26,"Belén de Bajirá, Darién, Chocó, RAP Pacífico, Colombia"
"RISARALDA, CALDAS",8,"Risaralda, Bajo Occidente, Caldas, RAP del Agua y la Montaña, Colombia"
"RIVERA, HUILA",39,"Rivera, Norte, Huila, RAP (Especial) Central, 413001, Colombia"
"ROBERTO PAYÁN, NARIÑO",3,"Roberto Payán (San José), Telembí, Nariño, RAP Pacífico, Colombia"
"ROLDANILLO, VALLE DEL CAUCA",81,"Roldanillo, Norte, Valle del Cauca, RAP Pacífico, 761550, Colombia"
"RONCESVALLES, TOLIMA",6,"Roncesvalles, Sur, Tolima, RAP (Especial) Central, Colombia"
"RONDÓN, BOYACA",3,"Rondón, Lengupá, Boyacá, RAP (Especial) Central, Colombia"
"ROSAS, CAUCA",15,"Rosas, Macizo, Cauca, RAP Pacífico, Colombia"
"ROVIRA, TOLIMA",25,"Rovira, Centro, Tolima, RAP (Especial) Central, Colombia"
"RÁQUIRA, BOYACA",2,"Ráquira, Ricaurte, Boyacá, RAP (Especial) Central, Colombia"
"RÍO DE ORO, CESAR",5,"Río de Oro, Cesar, RAP Caribe, Colombia"
"RÍO QUITO, CHOCÓ",3,"Paimadó, Atrato, Chocó, RAP Pacífico, Colombia"
"RÍO VIEJO, BOLÍVAR",10,"Río Viejo, Bolívar, RAP Caribe, Colombia"
"SABANA DE TORRES, SANTANDER",43,"Sabana de Torres, Yariguíes, Santander, RAP Gran Santander, Colombia"
"SABANAGRANDE, ATLÁNTICO",67,"Sabanagrande, Atlántico, RAP Caribe, Colombia"
"SABANALARGA, ANTIOQUIA",5,"Sabanalarga, Occidente, Antioquia, RAP del Agua y la Montaña, Colombia"
"SABANALARGA, ATLÁNTICO",75,"Sabanalarga, Atlántico, RAP Caribe, Colombia"
"SABANALARGA, CASANARE",10,"Sabanalarga, Casanare, RAP Llanos, Colombia"
"SABANAS DE SAN ANGEL, MAGDALENA",10,"Sabanas de San Ángel, Magdalena, RAP Caribe, Colombia"
"SABANETA, ANTIOQUIA",820,"Sabaneta, Valle de Aburrá, Antioquia, RAP del Agua y la Montaña, 055450, Colombia"
"SABOYÁ, BOYACA",9,"Saboyá, Occidente, Boyacá, RAP (Especial) Central, 154601, Colombia"
"SAHAGÚN, CÓRDOBA",186,"Sahagún, Sabanas, Córdoba, RAP Caribe, Colombia"
"SALADOBLANCO, HUILA",21,"Saladoblanco, Sur, Huila, RAP (Especial) Central, Colombia"
"SALAMINA, CALDAS",25,"Salamina, Norte, Caldas, RAP del Agua y la Montaña, Colombia"
"SALAMINA, MAGDALENA",2,"Salamina, Magdalena, RAP Caribe, Colombia"
"SALAZAR, NORTE DE SANTANDER",16,"Salazar, Centro, Norte de Santander, RAP Gran Santander, Colombia"
"SALDAÑA, TOLIMA",35,"Saldaña, Suroriente, Tolima, RAP (Especial) Central, Colombia"
"SALENTO, QUINDÍO",18,"Salento, Fría, Quindío, RAP Eje Cafetero, Colombia"
"SALGAR, ANTIOQUIA",7,"Salgar, Suroeste, Antioquia, RAP del Agua y la Montaña, Colombia"
"SAMACÁ, BOYACA",28,"Samacá, Centro, Boyacá, RAP (Especial) Central, Colombia"
"SAMANIEGO, NARIÑO",21,"Samaniego, Los Abades, Nariño, RAP Pacífico, Colombia"
"SAMANÁ, CALDAS",10,"Samaná, Magdalena Caldense, Caldas, RAP del Agua y la Montaña, Colombia"
"SAMPUÉS, SUCRE",53,"Sampués, Sabanas, Sucre, RAP Caribe, 705070, Colombia"
"SAN AGUSTÍN, HUILA",59,"San Agustín, Sur, Huila, RAP (Especial) Central, 418060, Colombia"
"SAN ALBERTO, CESAR",42,"San Alberto, Cesar, RAP Caribe, Colombia"
"SAN ANDRÉS DE CUERQUÍA, ANTIOQUIA",9,"San Andrés de Cuerquia, Norte, Antioquia, RAP del Agua y la Montaña, 052040, Colombia"
"SAN ANDRÉS SOTAVENTO, CÓRDOBA",19,"San Andrés de Sotavento, Sabanas, Córdoba, RAP Caribe, Colombia"
"SAN ANDRÉS, ARCHIPIÉLAGO DE SAN ANDRÉS, PROVIDENCIA Y SANTA CATALINA",196,"Isla de San Andrés, San Andrés, Archipiélago de San Andrés, Providencia y Santa Catalina, Colombia"
"SAN ANDRÉS, SANTANDER",3,"San Andrés, García Rovira, Santander, RAP Gran Santander, 682001, Colombia"
"SAN ANTERO, CÓRDOBA",29,"San Antero, Costanera, Córdoba, RAP Caribe, Colombia"
"SAN ANTONIO DEL TEQUENDAMA, CUNDINAMARCA",29,"San Antonio del Tequendama, Tequendama, Cundinamarca, RAP (Especial) Central, 252620, Colombia"
"SAN ANTONIO, TOLIMA",23,"San Antonio, Sur, Tolima, RAP (Especial) Central, Colombia"
"SAN BENITO ABAD, SUCRE",15,"San Benito Abad, San Jorge, Sucre, RAP Caribe, Colombia"
"SAN BENITO, SANTANDER",1,"San Benito, Vélez, Santander, RAP Gran Santander, Colombia"
"SAN BERNARDO DEL VIENTO, CÓRDOBA",28,"San Bernardo del Viento, Costanera, Córdoba, RAP Caribe, Colombia"
"SAN BERNARDO, CUNDINAMARCA",13,"San Bernardo, Sumapaz, Cundinamarca, RAP (Especial) Central, Colombia"
"SAN BERNARDO, NARIÑO",5,"San Bernardo, Río Mayo, Nariño, RAP Pacífico, Colombia"
"SAN CALIXTO, NORTE DE SANTANDER",16,"San Calixto, Occidente, Norte de Santander, RAP Gran Santander, Colombia"
"SAN CARLOS DE GUAROA, META",19,"San Carlos de Guaroa, Piedemonte, Meta, RAP (Especial) Central, Colombia"
"SAN CARLOS, ANTIOQUIA",17,"San Carlos, Oriente, Antioquia, RAP del Agua y la Montaña, Colombia"
"SAN CARLOS, CÓRDOBA",13,"San Carlos, Medio Sinú, Córdoba, RAP Caribe, Colombia"
"SAN CAYETANO, CUNDINAMARCA",2,"San Cayetano, Provincia de Rionegro, RAP (Especial) Central, Colombia"
"SAN CAYETANO, NORTE DE SANTANDER",8,"San Cayetano, Oriental, RAP Gran Santander, Colombia"
"SAN CRISTÓBAL, BOLÍVAR",6,"San Cristóbal, Dique, Bolívar, RAP Caribe, Colombia"
"SAN DIEGO, CESAR",19,"San Diego, Cesar, RAP Caribe, Colombia"
"SAN EDUARDO, BOYACA",4,"San Eduardo, Lengupá, Boyacá, RAP (Especial) Central, Colombia"
"SAN ESTANISLAO, BOLÍVAR",13,"San Estanislao, Dique, Bolívar, RAP Caribe, Colombia"
"SAN FERNANDO, BOLÍVAR",3,"San Fernando, Isla de Mompós, Bolívar, RAP Caribe, Colombia"
"SAN FRANCISCO, ANTIOQUIA",5,"San Francisco, Oriente, Antioquia, RAP del Agua y la Montaña, 054810, Colombia"
"SAN FRANCISCO, CUNDINAMARCA",35,"San Francisco, Gualivá, RAP (Especial) Central, 253601, Colombia"
"SAN FRANCISCO, PUTUMAYO",7,"San Francisco, Putumayo, RAP Amazonía, Colombia"
"SAN GIL, SANTANDER",276,"San Gil, Guanentá, Santander, RAP Gran Santander, Colombia"
"SAN JACINTO DEL CAUCA, BOLÍVAR",3,"San Jacinto del Cauca, Mojana, Bolívar, RAP Caribe, Colombia"
"SAN JACINTO, BOLÍVAR",26,"San Jacinto, Montes de María, Bolívar, RAP Caribe, Colombia"
"SAN JERÓNIMO, ANTIOQUIA",29,"San Jerónimo, Occidente, Antioquia, RAP del Agua y la Montaña, 051070, Colombia"
"SAN JOAQUÍN, SANTANDER",6,"San Joaquín, Guanentá, Santander, RAP Gran Santander, Colombia"
"SAN JOSE DE LA MONTAÑA, ANTIOQUIA",8,"San José de la Montaña, Norte, Antioquia, RAP del Agua y la Montaña, Colombia"
"SAN JOSÉ DE MIRANDA, SANTANDER",6,"San José de Miranda, García Rovira, Santander, RAP Gran Santander, 682027, Colombia"
"SAN JOSÉ DE PARE, BOYACA",7,"San José de Pare, Ricaurte, Boyacá, RAP (Especial) Central, 154460, Colombia"
"SAN JOSÉ DEL FRAGUA, CAQUETÁ",10,"San José del Fragua, Caquetá, RAP Amazonía, Colombia"
"SAN JOSÉ DEL GUAVIARE, GUAVIARE",210,"San José del Guaviare, Guaviare, RAP Amazonía, 950001, Colombia"
"SAN JOSÉ DEL PALMAR, CHOCÓ",3,"San José del Palmar, San Juan, Chocó, RAP Pacífico, Colombia"
"SAN JOSÉ, CALDAS",4,"San José, Bajo Occidente, Caldas, RAP del Agua y la Montaña, Colombia"
"SAN JUAN DE ARAMA, META",11,"San Juan de Arama, Ariari, Meta, RAP (Especial) Central, Colombia"
"SAN JUAN DE BETULIA, SUCRE",15,"San Juan de Betulia, Sabanas, Sucre, RAP Caribe, Colombia"
"SAN JUAN DE RÍO SECO, CUNDINAMARCA",17,
"SAN JUAN DE URABA, ANTIOQUIA",10,"San Juan de Urabá, Urabá, Antioquia, RAP del Agua y la Montaña, Colombia"
"SAN JUAN DEL CESAR, LA GUAJIRA",57,"San Juan del Cesar, La Guajira, RAP Caribe, 444030, Colombia"
"SAN JUAN NEPOMUCENO, BOLÍVAR",39,"San Juan Nepomuceno, Montes de María, Bolívar, RAP Caribe, Colombia"
"SAN LORENZO, NARIÑO",6,"San Lorenzo, Juanambú, Nariño, RAP Pacífico, Colombia"
"SAN LUIS DE GACENO, BOYACA",5,"San Luís de Gaceno, Neira, Boyacá, RAP (Especial) Central, Colombia"
"SAN LUIS DE PALENQUE, CASANARE",9,"San Luis de Palenque, Casanare, RAP Llanos, Colombia"
"SAN LUIS DE SINCÉ, SUCRE",55,"San Luis, Sincé, Montes de María, Sucre, RAP Caribe, Colombia"
"SAN LUIS, ANTIOQUIA",22,"San Luis, Oriente, Antioquia, RAP del Agua y la Montaña, Colombia"
"SAN LUIS, TOLIMA",28,"San Luis, Centro, Tolima, RAP (Especial) Central, Colombia"
"SAN MARCOS, SUCRE",68,"San Marcos, San Jorge, Sucre, RAP Caribe, Colombia"
"SAN MARTÍN DE LOBA, BOLÍVAR",4,"San Martín de Loba, Bolívar, RAP Caribe, Colombia"
"SAN MARTÍN, CESAR",24,"San Martín, Cesar, RAP Caribe, Colombia"
"SAN MARTÍN, META",53,"San Martín, Piedemonte, Meta, RAP (Especial) Central, Colombia"
"SAN MATEO, BOYACA",4,"San Mateo, Norte, Boyacá, RAP (Especial) Central, 151201, Colombia"
"SAN MIGUEL DE SEMA, BOYACA",5,"San Miguel de Sema, Occidente, Boyacá, RAP (Especial) Central, 153820, Colombia"
"SAN MIGUEL, PUTUMAYO",14,"San Miguel (La Dorada), Putumayo, RAP Amazonía, Colombia"
"SAN MIGUEL, SANTANDER",1,"San Miguel, García Rovira, Santander, RAP Gran Santander, Colombia"
"SAN ONOFRE, SUCRE",28,"San Onofre, Morrosquillo, Sucre, RAP Caribe, 707017, Colombia"
"SAN PABLO DE BORBUR, BOYACA",1,"San Pablo de Borbur, Occidente, Boyacá, RAP (Especial) Central, Colombia"
"SAN PABLO, BOLÍVAR",14,"San Pablo, Bolívar, RAP Caribe, Colombia"
"SAN PABLO, NARIÑO",6,"San Pablo, Río Mayo, Nariño, RAP Pacífico, Colombia"
"SAN PEDRO DE CARTAGO, NARIÑO",4,"San Pedro de Cartago, Juanambú, Nariño, RAP Pacífico, Colombia"
"SAN PEDRO DE URABA, ANTIOQUIA",14,"San Pedro de Urabá, Urabá, Antioquia, RAP del Agua y la Montaña, Colombia"
"SAN PEDRO, ANTIOQUIA",76,"Vereda La San Pedro, Santa Rosa de Osos, Norte, Antioquia, RAP del Agua y la Montaña, Colombia"
"SAN PEDRO, SUCRE",9,"San Pedro, Montes de María, Sucre, RAP Caribe, Colombia"
"SAN PEDRO, VALLE DEL CAUCA",28,"San Pedro, Centro, Valle del Cauca, RAP Pacífico, Colombia"
"SAN PELAYO, CÓRDOBA",33,"San Pelayo, Medio Sinú, Córdoba, RAP Caribe, Colombia"
"SAN RAFAEL, ANTIOQUIA",23,"San Rafael, Oriente, Antioquia, RAP del Agua y la Montaña, 053830, Colombia"
"SAN ROQUE, ANTIOQUIA",19,"San Roque, Nordeste, Antioquia, RAP del Agua y la Montaña, Colombia"
"SAN SEBASTIÁN DE BUENAVISTA, MAGDALENA",12,"San Sebastián de Buenavista, Magdalena, RAP Caribe, 473001, Colombia"
"SAN SEBASTIÁN, CAUCA",5,"San Sebastián, Macizo, Cauca, RAP Pacífico, Colombia"
"SAN VICENTE DE CHUCURÍ, SANTANDER",30,"San Vicente de Chucurí, Yariguíes, Santander, RAP Gran Santander, Colombia"
"SAN VICENTE DEL CAGUÁN, CAQUETÁ",40,"San Vicente del Caguán, Caquetá, RAP Amazonía, 182010, Colombia"
"SAN VICENTE, ANTIOQUIA",24,"San Vicente, Oriente, Antioquia, RAP del Agua y la Montaña, Colombia"
"SAN ZENÓN, MAGDALENA",2,"San Zenón, Magdalena, RAP Caribe, Colombia"
"SANDONÁ, NARIÑO",24,"Sandoná, Occidente, Nariño, RAP Pacífico, Colombia"
"SANTA ANA, MAGDALENA",16,"Santa Ana, Magdalena, RAP Caribe, Colombia"
"SANTA BARBARA, ANTIOQUIA",24,"Santa Bárbara, Suroeste, Antioquia, RAP del Agua y la Montaña, Colombia"
"SANTA BÁRBARA DE PINTO, MAGDALENA",3,"Santa Bárbara de Pinto, Magdalena, RAP Caribe, Colombia"
"SANTA BÁRBARA, NARIÑO",5,"Santa Bárbara, Sanquianga, Nariño, RAP Pacífico, Colombia"
"SANTA BÁRBARA, SANTANDER",1,"Santa Bárbara, Metropolitana, Santander, RAP Gran Santander, Colombia"
"SANTA CATALINA, BOLÍVAR",9,"Santa Catalina, Dique, Bolívar, RAP Caribe, Colombia"
"SANTA HELENA DEL OPÓN, SANTANDER",1,"Santa Helena del Opón, Vélez, Santander, RAP Gran Santander, Colombia"
"SANTA ISABEL, TOLIMA",4,"Santa Isabel, Nevados, Tolima, RAP (Especial) Central, Colombia"
"SANTA LUCÍA, ATLÁNTICO",2,"Santa Lucía, Atlántico, RAP Caribe, Colombia"
"SANTA MARTA, MAGDALENA",2978,"Perímetro Urbano Santa Marta, Santa Marta, Magdalena, RAP Caribe, Colombia"
"SANTA MARÍA, BOYACA",7,"Santa María, Neira, Boyacá, RAP (Especial) Central, Colombia"
"SANTA MARÍA, HUILA",15,"Santa María, Norte, Huila, RAP (Especial) Central, Colombia"
"SANTA ROSA DE CABAL, RISARALDA",292,"Santa Rosa de Cabal, Risaralda, RAP Eje Cafetero, 661020, Colombia"
"SANTA ROSA DE OSOS, ANTIOQUIA",70,"Santa Rosa de Osos, Norte, Antioquia, RAP del Agua y la Montaña, Colombia"
"SANTA ROSA DE VITERBO, BOYACA",33,"Santa Rosa de Viterbo, Tundama, Boyacá, RAP (Especial) Central, 150480, Colombia"
"SANTA ROSA DEL SUR, BOLÍVAR",26,"Santa Rosa del Sur, Bolívar, RAP Caribe, Colombia"
"SANTA ROSA, BOLÍVAR",20,"Santa Rosa, Parroquia Unare, Municipio Caroní, Bolívar, Venezuela"
"SANTA ROSA, CAUCA",2,"Santa Rosa, Macizo, Cauca, RAP Pacífico, Colombia"
"SANTA ROSALÍA, VICHADA",2,"Santa Rosalía, Vichada, RAP Llanos, Colombia"
"SANTA SOFÍA, BOYACA",4,"Santa Sofía, Ricaurte, Boyacá, RAP (Especial) Central, 154240, Colombia"
"SANTACRUZ, NARIÑO",1,"Santacruz, Los Abades, Nariño, RAP Pacífico, Colombia"
"SANTAFÉ DE ANTIOQUIA, ANTIOQUIA",42,"Santa Fe de Antioquia, Occidente, Antioquia, RAP del Agua y la Montaña, Colombia"
"SANTANA, BOYACA",9,"Santana, Ricaurte, Boyacá, RAP (Especial) Central, Colombia"
"SANTANDER DE QUILICHAO, CAUCA",396,"Santander de Quilichao, Norte, Cauca, RAP Pacífico, 191030, Colombia"
"SANTIAGO DE TOLÚ, SUCRE",75,"Tolú, Morrosquillo, Sucre, RAP Caribe, Colombia"
"SANTIAGO, NORTE DE SANTANDER",2,"Santiago, Centro, Norte de Santander, RAP Gran Santander, Colombia"
"SANTIAGO, PUTUMAYO",7,"Santiago, Putumayo, RAP Amazonía, Colombia"
"SANTO DOMINGO, ANTIOQUIA",7,"Santo Domingo, Nordeste, Antioquia, RAP del Agua y la Montaña, Colombia"
"SANTO TOMÁS, ATLÁNTICO",58,"Santo Tomás, Atlántico, RAP Caribe, Colombia"
"SANTUARIO, RISARALDA",21,"Santuario, Vertiente Occidental, Risaralda, RAP Eje Cafetero, Colombia"
"SAPUYES, NARIÑO",5,"Sapuyes, La Sabana, Nariño, RAP Pacífico, Colombia"
"SARAVENA, ARAUCA",76,"Saravena, Arauca, RAP Llanos, 815010, Colombia"
"SARDINATA, NORTE DE SANTANDER",22,"Sardinata, Norte, Norte de Santander, RAP Gran Santander, Colombia"
"SASAIMA, CUNDINAMARCA",21,"Sasaima, Gualivá, Cundinamarca, RAP (Especial) Central, Colombia"
"SATIVANORTE, BOYACA",3,"Sativanorte, Norte, Boyacá, RAP (Especial) Central, Colombia"
"SEGOVIA, ANTIOQUIA",49,"Segovia, Nordeste, Antioquia, RAP del Agua y la Montaña, 052810, Colombia"
"SESQUILÉ, CUNDINAMARCA",18,"Sesquilé, Almeidas, Cundinamarca, RAP (Especial) Central, Colombia"
"SEVILLA, VALLE DEL CAUCA",88,"Sevilla, Nororiente, Valle del Cauca, RAP Pacífico, 762530, Colombia"
"SIACHOQUE, BOYACA",4,"Siachoque, Centro, Boyacá, RAP (Especial) Central, 153460, Colombia"
"SIBATÉ, CUNDINAMARCA",162,"Sibaté, Soacha, Cundinamarca, RAP (Especial) Central, Colombia"
"SIBUNDOY, PUTUMAYO",53,"Sibundoy, Putumayo, RAP Amazonía, 861020, Colombia"
"SILOS, NORTE DE SANTANDER",3,"Silos, Suroccidente, Norte de Santander, RAP Gran Santander, Colombia"
"SILVANIA, CUNDINAMARCA",50,"Silvania, Sumapaz, Cundinamarca, RAP (Especial) Central, Colombia"
"SILVIA, CAUCA",30,"Silvia, Centro, Cauca, RAP Pacífico, Colombia"
"SIMACOTA, SANTANDER",16,"Simacota, Comunera, Santander, RAP Gran Santander, 683561, Colombia"
"SIMIJACA, CUNDINAMARCA",43,"Simijaca, Ubaté, RAP (Especial) Central, Colombia"
"SIMITÍ, BOLÍVAR",13,"Simití, Bolívar, RAP Caribe, Colombia"
"SINCELEJO, SUCRE",1415,"Sincelejo, Montes de María, Sucre, RAP Caribe, 700020, Colombia"
"SIPÍ, CHOCÓ",1,"Sipí, San Juan, Chocó, RAP Pacífico, Colombia"
"SITIONUEVO, MAGDALENA",12,"Sitionuevo, Magdalena, RAP Caribe, Colombia"
"SOACHA, CUNDINAMARCA",3229,"Soacha, Cundinamarca, RAP (Especial) Central, 25, Colombia"
"SOATÁ, BOYACA",22,"Soatá, Norte, Boyacá, RAP (Especial) Central, Colombia"
"SOCHA, BOYACA",4,"Socha, Valderrama, Boyacá, RAP (Especial) Central, Colombia"
"SOCORRO, SANTANDER",134,"El Socorro, Comunera, Santander, RAP Gran Santander, 683551, Colombia"
"SOCOTÁ, BOYACA",8,"Socotá, Valderrama, Boyacá, RAP (Especial) Central, Colombia"
"SOGAMOSO, BOYACA",482,"Sogamoso, Sugamuxi, Boyacá, RAP (Especial) Central, 152210, Colombia"
"SOLANO, CAQUETÁ",9,"Solano, Caquetá, RAP Amazonía, Colombia"
"SOLEDAD, ATLÁNTICO",1458,"Soledad, Atlántico, RAP Caribe, Colombia"
"SOLITA, CAQUETÁ",4,"Solita, Caquetá, RAP Amazonía, Colombia"
"SOMONDOCO, BOYACA",6,"Somondoco, Oriente, Boyacá, RAP (Especial) Central, 153037, Colombia"
"SONSON, ANTIOQUIA",19,"Sonsón, Oriente, Antioquia, RAP del Agua y la Montaña, Colombia"
"SOPETRÁN, ANTIOQUIA",23,"Sopetrán, Occidente, Antioquia, RAP del Agua y la Montaña, 051440, Colombia"
"SOPLAVIENTO, BOLÍVAR",5,"Soplaviento, Dique, Bolívar, RAP Caribe, Colombia"
"SOPÓ, CUNDINAMARCA",140,"Sopó, Sabana Centro, Cundinamarca, RAP (Especial) Central, 251001, Colombia"
"SORA, BOYACA",1,"Sora, Centro, Boyacá, RAP (Especial) Central, Colombia"
"SORACÁ, BOYACA",4,"Soracá, Centro, Boyacá, RAP (Especial) Central, Colombia"
"SOTAQUIRÁ, BOYACA",15,"Sotaquirá, Centro, Boyacá, RAP (Especial) Central, Colombia"
"SOTARA, CAUCA",4,"Sotará, Centro, Cauca, RAP Pacífico, Colombia"
"SUAITA, SANTANDER",8,"Suaita, Comunera, Santander, RAP Gran Santander, 683049, Colombia"
"SUAN, ATLÁNTICO",7,"Suan, Atlántico, RAP Caribe, Colombia"
"SUAZA, HUILA",25,"Suaza, Centro, Huila, RAP (Especial) Central, Colombia"
"SUBACHOQUE, CUNDINAMARCA",55,"Río Subachoque, Mosquera, Sabana Occidente, Cundinamarca, RAP (Especial) Central, Colombia"
"SUCRE, CAUCA",1,"Sucre, Sur del Cauca, Cauca, RAP Pacífico, Colombia"
"SUCRE, SANTANDER",5,"Sucre, Vélez, Santander, RAP Gran Santander, Colombia"
"SUCRE, SUCRE",19,"Sucre, La Mojana, Sucre, RAP Caribe, Colombia"
"SUESCA, CUNDINAMARCA",24,"Suesca, Almeidas, Cundinamarca, RAP (Especial) Central, 251048, Colombia"
"SUPATÁ, CUNDINAMARCA",10,"Tierra Nueva, 2PWH+R98 Supatá, Cundinamarca, Calle 4, Supatá, Gualivá, RAP (Especial) Central, 253667, Colombia"
"SUPÍA, CALDAS",23,"Supía, Alto Occidente, Caldas, RAP del Agua y la Montaña, Colombia"
"SURATÁ, SANTANDER",5,"Suratá, Soto Norte, Santander, RAP Gran Santander, Colombia"
"SUSA, CUNDINAMARCA",15,"Susa, Ubaté, Cundinamarca, RAP (Especial) Central, Colombia"
"SUSACÓN, BOYACA",2,"Susacón, Norte, Boyacá, RAP (Especial) Central, Colombia"
"SUTAMARCHÁN, BOYACA",11,"Sutamarchán, Ricaurte, Boyacá, RAP (Especial) Central, 153860, Colombia"
"SUTATAUSA, CUNDINAMARCA",7,"Sutatausa, Ubaté, Cundinamarca, RAP (Especial) Central, Colombia"
"SUTATENZA, BOYACA",2,"Sutatenza, Oriente, Boyacá, RAP (Especial) Central, 153030, Colombia"
"SUÁREZ, CAUCA",15,"Suárez, Norte, Cauca, RAP Pacífico, Colombia"
"SUÁREZ, TOLIMA",9,"Suárez, Suroriente, Tolima, RAP (Especial) Central, Colombia"
"SÁCAMA, CASANARE",4,"Sácama, Casanare, RAP Llanos, 851030, Colombia"
"SÁCHICA, BOYACA",6,"Sáchica, Ricaurte, Boyacá, RAP (Especial) Central, 153880, Colombia"
"TABIO, CUNDINAMARCA",112,"Vía Tabio - Zipaquira, Ciudad de Zipaquirá, Zipaquirá, Ciudad de Zipaquirá, Tabio, Sabana Centro, Cundinamarca, RAP (Especial) Central, 250252, Colombia"
"TADÓ, CHOCÓ",13,"Tadó, San Juan, Chocó, RAP Pacífico, Colombia"
"TALAIGUA NUEVO, BOLÍVAR",5,"Talaigua Nuevo, Isla de Mompós, Bolívar, RAP Caribe, Colombia"
"TAMALAMEQUE, CESAR",6,"Tamalameque, Cesar, RAP Caribe, Colombia"
"TAME, ARAUCA",122,"Tame, Arauca, RAP Llanos, Colombia"
"TAMINANGO, NARIÑO",17,"Taminango, La Cordillera, Nariño, RAP Pacífico, Colombia"
"TANGUA, NARIÑO",11,"Tangua, Centro, Nariño, RAP Pacífico, Colombia"
"TARAZÁ, ANTIOQUIA",19,"Tarazá, Bajo Cauca, Antioquia, RAP del Agua y la Montaña, Colombia"
"TARQUI, HUILA",18,"Tarqui, Centro, Huila, RAP (Especial) Central, 416001, Colombia"
"TARSO, ANTIOQUIA",4,"Tarso, Suroeste, Antioquia, RAP del Agua y la Montaña, Colombia"
"TASCO, BOYACA",5,"Tasco, Valderrama, Boyacá, RAP (Especial) Central, 151660, Colombia"
"TAURAMENA, CASANARE",64,"Tauramena, Casanare, RAP Llanos, 854030, Colombia"
"TAUSA, CUNDINAMARCA",10,"Tausa, Ubaté, RAP (Especial) Central, Colombia"
"TELLO, HUILA",10,"Tello, Norte, Huila, RAP (Especial) Central, Colombia"
"TENA, CUNDINAMARCA",21,"Tena, Tequendama, RAP (Especial) Central, Colombia"
"TENERIFE, MAGDALENA",3,"Tenerife, Magdalena, RAP Caribe, Colombia"
"TENJO, CUNDINAMARCA",133,"Tenjo, Sabana Centro, RAP (Especial) Central, 250207, Colombia"
"TENZA, BOYACA",7,"Tenza, Oriente, Boyacá, RAP (Especial) Central, Colombia"
"TEORAMA, NORTE DE SANTANDER",9,"Teorama, Occidente, Norte de Santander, RAP Gran Santander, 547030, Colombia"
"TERUEL, HUILA",11,"Teruel, Norte, Huila, RAP (Especial) Central, Colombia"
"TESALIA, HUILA",14,"Tesalia, Occidente, Huila, RAP (Especial) Central, 415001, Colombia"
"TIBACUY, CUNDINAMARCA",9,"Tibacuy, Sumapaz, RAP (Especial) Central, Colombia"
"TIBANÁ, BOYACA",11,"Tibaná, Márquez, Boyacá, RAP (Especial) Central, 153260, Colombia"
"TIBASOSA, BOYACA",18,"Tibasosa, Sugamuxi, Boyacá, RAP (Especial) Central, Colombia"
"TIBIRITA, CUNDINAMARCA",4,"Tibirita, Almeidas, RAP (Especial) Central, Colombia"
"TIBÚ, NORTE DE SANTANDER",56,"Tibú, Norte, Norte de Santander, RAP Gran Santander, 548010, Colombia"
"TIERRALTA, CÓRDOBA",59,"Tierralta, Alto Sinú, Córdoba, RAP Caribe, 234501, Colombia"
"TIMANÁ, HUILA",28,"Timaná, Sur, Huila, RAP (Especial) Central, Colombia"
"TIMBIQUÍ, CAUCA",11,"Timbiquí, Pacífico, Cauca, RAP Pacífico, Colombia"
"TIMBÍO, CAUCA",51,"Timbío, Centro, Cauca, RAP Pacífico, Colombia"
"TINJACÁ, BOYACA",7,"Tinjacá, Ricaurte, Boyacá, RAP (Especial) Central, Colombia"
"TIPACOQUE, BOYACA",3,"Tipacoque, Norte, Boyacá, RAP (Especial) Central, Colombia"
"TIQUISIO, BOLÍVAR",10,"Tiquisio, Mojana, Bolívar, RAP Caribe, Colombia"
"TITIRIBÍ, ANTIOQUIA",20,"Titiribí, Suroeste, Antioquia, RAP del Agua y la Montaña, Colombia"
"TOCA, BOYACA",9,"Toca, Centro, Boyacá, RAP (Especial) Central, Colombia"
"TOCAIMA, CUNDINAMARCA",59,"Tocaima, Alto Magdalena, Cundinamarca, RAP (Especial) Central, Colombia"
"TOCANCIPÁ, CUNDINAMARCA",232,"Tocancipá, Sabana Centro, RAP (Especial) Central, Colombia"
"TOGÜÍ, BOYACA",8,"Togüí, Ricaurte, Boyacá, RAP (Especial) Central, Colombia"
"TOLEDO, ANTIOQUIA",13,"Toledo, Norte, Antioquia, RAP del Agua y la Montaña, Colombia"
"TOLEDO, NORTE DE SANTANDER",21,"Toledo, Suroriente, Norte de Santander, RAP Gran Santander, Colombia"
"TOLÚ VIEJO, SUCRE",21,
"TONA, SANTANDER",6,"Tona, Metropolitana, Santander, RAP Gran Santander, 680541, Colombia"
"TOPAIPÍ, CUNDINAMARCA",9,"Topaipí, Provincia de Rionegro, Cundinamarca, RAP (Especial) Central, Colombia"
"TORIBIO, CAUCA",10,"Toribío, Norte, Cauca, RAP Pacífico, Colombia"
"TORO, VALLE DEL CAUCA",13,"Toro, Norte, Valle del Cauca, RAP Pacífico, Colombia"
"TOTORÓ, CAUCA",13,"Totoró, Oriente, Cauca, RAP Pacífico, Colombia"
"TRINIDAD, CASANARE",17,"Trinidad, Casanare, RAP Llanos, 853010, Colombia"
"TRUJILLO, VALLE DEL CAUCA",23,"Trujillo, Centro, Valle del Cauca, RAP Pacífico, Colombia"
"TUBARÁ, ATLÁNTICO",17,"Tubará, Atlántico, RAP Caribe, Colombia"
"TUCHIN, CÓRDOBA",6,"Tuchín, Sabanas, Córdoba, RAP Caribe, Colombia"
"TULUÁ, VALLE DEL CAUCA",916,"Tuluá, Centro, Valle del Cauca, RAP Pacífico, Colombia"
"TUMACO, NARIÑO",130,"Tumaco, Pacífico Sur, Nariño, RAP Pacífico, Colombia"
"TUNJA, BOYACA",1023,"Tunja, Centro, Boyacá, RAP (Especial) Central, 150001, Colombia"
"TUNUNGUÁ, BOYACA",1,"Tununguá, Occidente, Boyacá, RAP (Especial) Central, Colombia"
"TURBACO, BOLÍVAR",270,"Turbaco, Dique, Bolívar, RAP Caribe, Colombia"
"TURBANÁ, BOLÍVAR",21,"Turbaná, Dique, Bolívar, RAP Caribe, Colombia"
"TURBO, ANTIOQUIA",109,"Turbo, Urabá, Antioquia, RAP del Agua y la Montaña, 057868, Colombia"
"TURMEQUÉ, BOYACA",9,"Turmequé, Márquez, Boyacá, RAP (Especial) Central, Colombia"
"TUTA, BOYACA",13,"Tuta, Centro, Boyacá, RAP (Especial) Central, 150407, Colombia"
"TÁMARA, CASANARE",9,"Támara, Casanare, RAP Llanos, Colombia"
"TÁMESIS, ANTIOQUIA",24,"Támesis, Suroeste, Antioquia, RAP del Agua y la Montaña, Colombia"
"TÓPAGA, BOYACA",3,"Tópaga, Sugamuxi, Boyacá, RAP (Especial) Central, Colombia"
"TÚQUERRES, NARIÑO",63,"Túquerres, La Sabana, Nariño, RAP Pacífico, Colombia"
"UBALÁ, CUNDINAMARCA",6,"Ubalá, Guavio, Cundinamarca, RAP (Especial) Central, Colombia"
"UBAQUE, CUNDINAMARCA",10,"Ubaque, Oriente, Cundinamarca, RAP (Especial) Central, Colombia"
"ULLOA, VALLE DEL CAUCA",7,"Ulloa, Norte, Valle del Cauca, RAP Pacífico, Colombia"
"UMBITA, BOYACA",8,"Úmbita, Márquez, Boyacá, RAP (Especial) Central, Colombia"
"UNE, CUNDINAMARCA",16,"Une, Oriente, Cundinamarca, RAP (Especial) Central, Colombia"
"UNGUÍA, CHOCÓ",6,"Unguía, Darién, Chocó, RAP Pacífico, 278030, Colombia"
"UNIÓN PANAMERICANA, CHOCÓ",12,"Las Ánimas, San Juan, Chocó, RAP Pacífico, Colombia"
"URAMITA, ANTIOQUIA",4,"Uramita, Occidente, Antioquia, RAP del Agua y la Montaña, Colombia"
"URIBE, META",4,"Uribe, Ariari, Meta, RAP (Especial) Central, Colombia"
"URIBIA, LA GUAJIRA",13,"Uribia, La Guajira, RAP Caribe, 440029, Colombia"
"URRAO, ANTIOQUIA",17,"Urrao, Suroeste, Antioquia, RAP del Agua y la Montaña, Colombia"
"URUMITA, LA GUAJIRA",12,"Urumita, La Guajira, RAP Caribe, Colombia"
"USIACURÍ, ATLÁNTICO",9,"Usiacurí, Atlántico, RAP Caribe, Colombia"
"VALDIVIA, ANTIOQUIA",13,"Valdivia, Norte, Antioquia, RAP del Agua y la Montaña, Colombia"
"VALENCIA, CÓRDOBA",23,"Valencia, Alto Sinú, Córdoba, RAP Caribe, Colombia"
"VALLE DE SAN JOSÉ, SANTANDER",11,"Valle de San José, Guanentá, Santander, RAP Gran Santander, Colombia"
"VALLE DE SAN JUAN, TOLIMA",5,"Valle de San Juan, Centro, Tolima, RAP (Especial) Central, Colombia"
"VALLE DEL GUAMUEZ, PUTUMAYO",37,"Valle del Guamuez (La Hormiga), Putumayo, RAP Amazonía, Colombia"
"VALLEDUPAR, CESAR",1921,"Valledupar, Cesar, RAP Caribe, Colombia"
"VALPARAÍSO, ANTIOQUIA",8,"Valparaíso, Suroeste, Antioquia, RAP del Agua y la Montaña, Colombia"
"VALPARAÍSO, CAQUETÁ",14,"Valparaíso, Caquetá, RAP Amazonía, Colombia"
"VEGACHÍ, ANTIOQUIA",9,"Vegachí, Nordeste, Antioquia, RAP del Agua y la Montaña, Colombia"
"VENADILLO, TOLIMA",22,"Venadillo, Nevados, Tolima, RAP (Especial) Central, Colombia"
"VENECIA, ANTIOQUIA",19,"Venecia, Suroeste, Antioquia, RAP del Agua y la Montaña, Colombia"
"VENECIA, CUNDINAMARCA",5,"Venecia, Sumapaz, Cundinamarca, RAP (Especial) Central, Colombia"
"VENTAQUEMADA, BOYACA",20,"Ventaquemada, Márquez, Boyacá, RAP (Especial) Central, 153640, Colombia"
"VERGARA, CUNDINAMARCA",11,"Vergara, Gualivá, Cundinamarca, RAP (Especial) Central, Colombia"
"VERSALLES, VALLE DEL CAUCA",6,"Versalles, Norte, Valle del Cauca, RAP Pacífico, Colombia"
"VETAS, SANTANDER",1,"Vetas, Soto Norte, Santander, RAP Gran Santander, Colombia"
"VIANÍ, CUNDINAMARCA",8,"Vianí, Magdalena Centro, Cundinamarca, RAP (Especial) Central, Colombia"
"VICTORIA, CALDAS",7,"Victoria, Magdalena Caldense, Caldas, RAP del Agua y la Montaña, Colombia"
"VIGÍA DEL FUERTE, ANTIOQUIA",1,"Vigía del Fuerte, Urabá, Antioquia, RAP del Agua y la Montaña, Colombia"
"VIJES, VALLE DEL CAUCA",12,"Vijes, Sur, Valle del Cauca, RAP Pacífico, 760550, Colombia"
"VILLA DE LEYVA, BOYACA",77,"Villa de Leyva, Ricaurte, Boyacá, RAP (Especial) Central, Colombia"
"VILLA DE SAN DIEGO DE UBATE, CUNDINAMARCA",168,
"VILLA DEL ROSARIO, NORTE DE SANTANDER",276,"Villa del Rosario, Oriental, Norte de Santander, RAP Gran Santander, 541030, Colombia"
"VILLA RICA, CAUCA",41,"Villa Rica, Norte, Cauca, RAP Pacífico, Colombia"
"VILLAGARZÓN, PUTUMAYO",30,"Villagarzón, Putumayo, RAP Amazonía, 861080, Colombia"
"VILLAGÓMEZ, CUNDINAMARCA",3,"Villagómez, Provincia de Rionegro, Cundinamarca, RAP (Especial) Central, Colombia"
"VILLAHERMOSA, TOLIMA",9,"Villahermosa, Nevados, Tolima, RAP (Especial) Central, Colombia"
"VILLAMARÍA, CALDAS",173,"Villamaría, Centrosur, Caldas, RAP del Agua y la Montaña, 176001, Colombia"
"VILLANUEVA, BOLÍVAR",12,"Villanueva, Dique, Bolívar, RAP Caribe, Colombia"
"VILLANUEVA, CASANARE",92,"Villanueva, Casanare, RAP Llanos, Colombia"
"VILLANUEVA, LA GUAJIRA",36,"Villanueva, La Guajira, RAP Caribe, Colombia"
"VILLANUEVA, SANTANDER",9,"Villanueva, Guanentá, Santander, RAP Gran Santander, 684021, Colombia"
"VILLAPINZÓN, CUNDINAMARCA",11,"Villapinzón, Almeidas, Cundinamarca, RAP (Especial) Central, Colombia"
"VILLARRICA, TOLIMA",3,"Villarrica, Oriente, Tolima, RAP Eje Cafetero, Colombia"
"VILLAVICENCIO, META",3617,"Villavicencio, Meta, RAP (Especial) Central, Colombia"
"VILLAVIEJA, HUILA",10,"Villavieja, Norte, Huila, RAP (Especial) Central, 411027, Colombia"
"VILLETA, CUNDINAMARCA",126,"Villeta, Gualivá, Cundinamarca, RAP (Especial) Central, Colombia"
"VIOTÁ, CUNDINAMARCA",39,"Viotá, Tequendama, Cundinamarca, RAP (Especial) Central, Colombia"
"VISTAHERMOSA, META",9,"Cementerio municipal Vistahermosa, Vista Hermosa, Ariari, Meta, RAP (Especial) Central, Colombia"
"VITERBO, CALDAS",18,"Viterbo, Bajo Occidente, Caldas, RAP del Agua y la Montaña, Colombia"
"VÉLEZ, SANTANDER",51,"Vélez, Santander, RAP Gran Santander, Colombia"
"YACOPÍ, CUNDINAMARCA",6,"Yacopí, Provincia de Rionegro, Cundinamarca, RAP (Especial) Central, Colombia"
"YACUANQUER, NARIÑO",16,"Yacuanquer, Centro, Nariño, RAP Pacífico, Colombia"
"YAGUARÁ, HUILA",14,"Yaguará, Norte, Huila, RAP (Especial) Central, Colombia"
"YALÍ, ANTIOQUIA",3,"Yalí, Nordeste, Antioquia, RAP del Agua y la Montaña, Colombia"
"YARUMAL, ANTIOQUIA",73,"Yarumal, Norte, Antioquia, RAP del Agua y la Montaña, 052030, Colombia"
"YOLOMBÓ, ANTIOQUIA",13,"Yolombó, Nordeste, Antioquia, RAP del Agua y la Montaña, Colombia"
"YONDÓ, ANTIOQUIA",26,"Yondó, Magdalena Medio, Antioquia, RAP del Agua y la Montaña, Colombia"
"YOPAL, CASANARE",899,"Yopal, Casanare, RAP Llanos, Colombia"
"YOTOCO, VALLE DEL CAUCA",43,"Yotoco, Centro, Valle del Cauca, RAP Pacífico, Colombia"
"YUMBO, VALLE DEL CAUCA",510,"Yumbo, Sur, Valle del Cauca, RAP Pacífico, 760501, Colombia"
"ZAMBRANO, BOLÍVAR",7,"Zambrano, Montes de María, Bolívar, RAP Caribe, Colombia"
"ZAPATOCA, SANTANDER",22,"Zapatoca, Metropolitana, Santander, RAP Gran Santander, Colombia"
"ZAPAYÁN, MAGDALENA",2,"Zapayán (Punta de Piedras), Magdalena, RAP Caribe, Colombia"
"ZARAGOZA, ANTIOQUIA",19,"Zaragoza, Bajo Cauca, Antioquia, RAP del Agua y la Montaña, Colombia"
"ZARZAL, VALLE DEL CAUCA",154,"Zarzal, Norte, Valle del Cauca, RAP Pacífico, Colombia"
"ZETAQUIRA, BOYACA",3,"Zetaquira, Lengupá, Boyacá, RAP (Especial) Central, Colombia"
"ZIPACÓN, CUNDINAMARCA",18,"Zipacón, Sabana Occidente, RAP (Especial) Central, Colombia"
"ZIPAQUIRÁ, CUNDINAMARCA",864,"Zipaquirá, Ciudad de Zipaquirá, Sabana Centro, Cundinamarca, RAP (Especial) Central, Colombia"
"ZONA BANANERA, MAGDALENA",35,"Zona Bananera (Prado Sevilla), Magdalena, RAP Caribe, Colombia"
"ÚTICA, CUNDINAMARCA",9,"Útica, Gualivá, Cundinamarca, RAP (Especial) Central, Colombia"
